comment,date,star_rate
국굳국굳굿굳숫??굿,20201204,5
후기가 좋아서 사봤는데 정말 맛있네요 :),20201129,5
맛있어요 다음에 또 사려구요,20201127,5
대박맛있어요!!!!진짜 쟁여두고먹습니?,20201119,5
"역시 사세 버팔로윙입니다.
맛,가격 둘다 최고입니다.",20201118,5
에어프라이어에 돌려서 맥주안주로 먹었어요~,20201105,5
생각보다 .기대이상. 아주 맛나요!,20201103,5
상품괜찮았습니다. 추천합니다! ,20201029,5
늘 쟁여놓고 먹는 제품이랍니다,20201022,5
아직 못먹어봤지만 포장이 잘되어있어서 만족이에용!,20200925,5
국굳국굳굿굳숫??굿,20201204,5
후기가 좋아서 사봤는데 정말 맛있네요 :),20201129,5
맛있어요 다음에 또 사려구요,20201127,5
대박맛있어요!!!!진짜 쟁여두고먹습니?,20201119,5
"역시 사세 버팔로윙입니다.
맛,가격 둘다 최고입니다.",20201118,5
에어프라이어에 돌려서 맥주안주로 먹었어요~,20201105,5
생각보다 .기대이상. 아주 맛나요!,20201103,5
상품괜찮았습니다. 추천합니다! ,20201029,5
늘 쟁여놓고 먹는 제품이랍니다,20201022,5
아직 못먹어봤지만 포장이 잘되어있어서 만족이에용!,20200925,5
아이들이 잘먹어요~,20200924,5
항상 이용하는 거에요,20200919,5
재구매했어요 너무 맛있어요,20200917,5
"밖에서 사먹는것보다 더더더 맛있어요~~
에어프라이에 굽기만해서 쉬어요~~",20200915,5
가격도 싸고 맛도 아주좋습니다,20200912,5
잘받았습니다! 좋아요!,20200911,5
이거 먹으면 다른 버팔로윙 못먹겠어요. 너무  맛있음,20200910,5
짭짤하니 먹을만함 이것만먹긴 짜긴해서 안주용으로,20200904,4
조아요 조아요 조아요,20200829,4
"주변 지인들이 추천을 많이 하길래 저도 구매해봤어요!
집에 에어프라이어에 적정량 넣고 구우니까 진짜 맛있더라구요 ㅎㅎㅎ
자주 해먹을려구요 ~",20200829,5
버팔로윙. 에어프라이어에 구우면 패밀리레스토랑 윙이랑 똑같아요.  아마트몰 쓱배송으로 구매할수 있었는대 지금은 점포택배배송만 되어 아쉽네요. ,20200827,5
빠른배송 매우만족입니다.,20200827,5
"진짜 맛있어요ㅋㅋ
저렴하게 살수있어서 좋았어요ㅋㅋ
많이 사둘걸 그랬네요ㅠㅠ",20200809,5
오 이거 저렴하게 사서 아주 맛있게 먹었어요,20200809,5
아이들이 가끔 찾아요.맛있어요.,20200727,5
빨리 먹어보고 싶어요,20200718,5
이거 정말정말 너무너무 맛있어요ㅠㅠ,20200711,5
"유명해서 사먹어봤는데 맛있긴한데
5점까진아닌것같아서 4점~~",20200709,4
두 번째 구입입니다. 맛나요,20200708,5
좋아요~ 늘 사용하는 제품입니다.,20200707,5
맛있어요 후기보고사길잘한듯,20200704,5
아주 좋은 제품이네요. 재구매 의사 있습니다.,20200702,5
아이들이 좋아합니다,20200701,5
늘 주문해서 막는데 너무 맛있어요,20200630,5
"에어프라이어 없어서 광파오븐에 먹었습니다 
마늘맛 마요네즈와 같이먹으니 넘 맛있었어요!
좀 짜긴 한데 그것때문에 더 맛있습니다",20200622,5
맛있다고 하기에 구매,20200622,5
"헐?!
왜이리 맛있어요? ㅋㅋ
대박이네 와아. 좋아 
단골 될래요 ",20200619,5
아이들이 잘 먹어 자주 주문해요,20200618,5
항상 먹던거라 믿고 먹습니당ㅎㅎ,20200610,5
" 
신세계몰
사세 버팔로윙 1kg 에어프라이어요리
선택 : 버팔로윙 1kg
맛좋아요",20200608,5
잘받았습니다 잘 먹겠습니다,20200604,5
주문해서 먹는 맛이 납니다~,20200527,5
가족들이 좋아하는데 카드행사로 저렴히 구매했어요,20200526,5
유명한만큼 맛있습니다. 금방다먹습니다.,20200526,5
저렴한가격에 구매 했어요 약간 매콤한 맛으로 맥주랑 같이 먹기에 딱 입니다,20200526,5
버팔로 봉 사면서 꼭 같이 사야 함.. 간식처럼 간단하게 먹거나 맥주 안주로 딱 좋아요!,20200522,5
유명템이라 구매했어요. 에프에 넣으면 간편한 간식. 및 안주가됩니다 ,20200515,5
맛있다고 해서 기대햇는데 그닥 ...,20200513,5
맛있네요. 유명한데는 이유가 있음. ,20200511,5
g후후 말해뭐하냐요,20200511,5
항상 이용하고 있습니다. 가격도 맛도 괜찮아요 또 구매하겠습니다,20200511,5
울 딸아아가 제일 좋아하는 윙입니다. 맛도 좋고 간편하고 자주 구매하는 제품이예요 ~,20200507,5
에어프라이어에 이거 해먹느라 배달 끊었어요.,20200504,5
사놓기가 바쁘게 사라져버립니다~,20200501,5
역시나 에어프라이어 원탑제품,20200429,5
괜찮아요 괜찮아요 괜찮아요,20200429,3
"역시 사세 버팔로윙이 젤맛있어용!
",20200429,5
오~! 맛잇어요 맛잇어요,20200429,5
버팔로잉이 매콤 짭잘하니 굿,20200427,5
상품평 보고 구입했어요 맛나요,20200427,5
항상 믿고사는 제품 재구매의사있습니다,20200426,5
에어프라이어에 구워서 넘 잘 먹었습니다,20200425,5
맛도 최고~~배송도 굿~~^^,20200425,5
후기보고 구입했는데 가입했는데 아이들이 좋아해요. 재구매 의사 있어요,20200424,5
에어프라이 180 도에 25분 구우면 완전 맛납니다. 추가 구입예정입니다. 쟁여놓고 치킨생각날때마나 구어먹을예정~강추.,20200424,5
치킨이 생각 날때 에어프라이어서~~,20200422,5
에어프라이어계의 최고봉 넘나 맛나염 라면이랑 먹으면 끝장남,20200419,5
좋아요 좋아요 좋아요,20200411,5
"지인 소개로 사서 먹어보고 항상 쟁겨놓고 먹고 있어요 
에어프라이기 180도에 15분 동안 돌려서 먹으면 바삭바삭 하니 넘 마?어요!!
살까 말까 고민하시는 분들 적극 추천 입니다!! 
정말 맛있어요 ㅎㅎ ",20200407,5
윙 너무 맛있어요! 계속 구매하게 하는 맣,20200329,5
"에어프라이에 돌리다 마지막 5분 전에 바질, 파슬리 등 향신료와 갈릭솔트 넣고 돌렸더니 더 맛있어요~",20200319,5
"맛있어서 계속 구매하게 됩니다
감사합니다",20200319,5
너무맛잇어서 또사여~~,20200319,5
"맛있다고 소문나서 사봤어요 에어프라이어에
돌려먹으니 간편하고 좋으네요 추천",20200319,5
"봉보다 윙이 더 맛있는 것 같아요

재구매 의사 있습니당 !! ",20200317,5
배송도빠르고 포장상태도 좋습니다.잘먹겠습니다.,20200317,5
완전 맛있어요! 재구매 할 예정입니다^^,20200317,5
맛있고 빠르고 좋네오,20200317,5
봉이랑 같이 에어프라이어에 하면 맛있어요,20200312,5
사세윙 에어프라이기에 돌리면 진짜 맛있어요~,20200311,5
매콤하니 맛있었어요,20200310,5
맥주안주로 좋아요 맛나요,20200308,5
진짜 맛있어요..후회없을만큼 추천입니다..양의 배달먹는거의 2배의 양이고 온 가족 맛있다하니 기분 좋네요~~ 많이 파시고 가격은 조금만 싸졌으면하는 바램입니다,20200305,5
아주 만족합니다. 좋아요.,20200305,5
양념 잘 배어 있어서 맛 좋아요 ,20200304,5
"에어프라이어 특화 버팔로윙입니다.
매콤해서 좋아요",20200302,5
아이스박스에 왔는데 조금 녹아보였어요ㅠㅠ 그래도 상하진 않았어요~,20200229,5
맛있게 잘먹었네요.  애가 좋아해요,20200226,5
맛있어요~항상 시켜요~,20200222,5
에어프라이어 음식의 진리,20200219,5
사세 좋아요.에어프라이어 사용후 가정에서 해먹는거중 최고,20200216,5
요즘대세라고해서 구매해봤습니다. 매콤하지만 먹다보면 김치생각이나는 맛이네요~ 기름기는 많아요~~,20200214,5
"교촌치킨 먹고싶을때마다 사는 아이템 완소아이템
",20200214,5
아주 좋은 제품이네요. 재구매 의사 있습니다.,20200213,5
중독성 있는 맛이예요  몇봉씩 쟁여놓아야 할정도로 아이가 좋아해요,20200212,5
항상 만족하는 상품입니다,20200212,5
항상 만족하는 상품입니다,20200212,5
맛있어요 윙 중에 제일 나아요,20200211,5
제 입맛에는 윙 중에 제일 맛있어요.,20200201,5
에어프라이어 사용으로 좋아요,20200127,5
어찌나 맛있는지 보통 3~4봉지  구매해요~~가격이 비싸서 ㅜㅜ,20200115,5
처음 사봤는데 괜찮아요,20200114,5
마시써 최고야 짜릿해,20200111,5
맛있어용ㅎㅎㅎㅎㅎㅎ,20200110,5
"ㅡ맛있게 잘먹었습니다
감사합니다~~~",20200109,5
저렴하게 잘 구매했습니다.,20200109,5
항상 애용하고 있어요!,20200109,5
에어프라이기에 돌려먹으니 맛잇네요~ 사실 전자렌지도 가능하다는점~☆,20200108,4
맛있습니다맛있습니다,20200103,5
...............,20200103,5
"에어프라이기에 데워먹었는데 안주로 딱입니당
완전추천해요 다먹으면 또살려구욤",20200103,5
맛있어요 좋아요~!!!!!!,20200102,5
ㄱㄷㅇㄴㄱㅇㅅㅈㄱㄴㅇㄷㄱ,20200102,5
자주구매하는 제품입니다.,20200101,5
"재구매 5번째입니다
모임때 음식이 부족할것 같아 급하게 에어프라이어에 돌려서 드렸더니 손님들이 맛있다며 도 어디거냐고 물어보네요
빈봉지 사진찍으라고 보여드렸네용",20191231,5
여러 제품 먹어봤지만 짜고 맵기 정도가 적당한거 같아서 자주 이용해요!,20191227,5
빠르게 잘 받았습니다,20191224,5
에어프라이어로 구워먹으면 파는것 못지않네요,20191223,5
포장도 잘 돼서 오고 맘에드네요,20191220,5
좋은 상품 잘 샀어요,20191220,5
배송빠르고좋습니다.,20191218,5
"양념다돼어있어
에어후라이로 바싹구우면좋아요",20191213,4
저렴한 가격이고 맛있어요,20191210,5
친구집에서  먹어보고 저도 구매했는데 기대죕니다~,20191127,5
아이가 좋아해서 구매. 에어프라이어로 간단히 맛있게 먹고 있어요.,20191125,5
잘 받았습니다. 맛있네요.,20191123,5
완전좋아요666666666666666,20191108,5
맛있습니다.....,20191102,5
너무 맛있어요 진심,20191029,5
에어프라이어를 사고 처음 해먹은 요리가 사세 버팔로윙인데 왜 다들 사세사세 하는줄 알겠더라고요 ㅎㅎ 방금 두번째로 주문했습니다 ㅎㅎ!,20191024,5
배송도 빠르고 역시 맛있네요~~,20191024,5
1주일만에 다먹음....!!&rsquo;,20191007,5
에어프라이어에 구우니까 바삭하고 맛있어요,20190901,4
늘 먹습니다ㅎㅎㅎㅎ,20190815,5
에어프라이어에서 돌려먹기 딱이에요,20190805,5
뜨거울땐 몰랐는데 식으면 좀 짜요~~ 근데 맛있어요~~~ ,20190719,5
