comment,date,star_rate
약이 생각보다 적어서 삼겹살같은거 추가해서 먹으면 좋아요,20201214,5
가격대비 만족스럽개 받았어요,20201214,5
가격대비 만족스럽개 받았어요,20201214,5
얘만하면 좀 맵고 짜니까 부수적인 야채들 넣으면좋아여,20201214,5
쭈꾸미볶음과 같이먹으니 맛있네요,20201213,5
가성비 좋은 아이템,20201213,5
"양배추와 파 양파
추가해서 먹으면
2명에서 먹기 좋습니다^^",20201213,5
맛있게 잘 먹었습니다,20201213,5
"간편해요.
..
.",20201213,5
"달고 맵고 짭니다. 쭈꾸미 다 건져 먹고, 밥까지 볶아 먹어야 1인분 됩니다.",20201213,3
약이 생각보다 적어서 삼겹살같은거 추가해서 먹으면 좋아요,20201214,5
가격대비 만족스럽개 받았어요,20201214,5
가격대비 만족스럽개 받았어요,20201214,5
얘만하면 좀 맵고 짜니까 부수적인 야채들 넣으면좋아여,20201214,5
쭈꾸미볶음과 같이먹으니 맛있네요,20201213,5
가성비 좋은 아이템,20201213,5
"양배추와 파 양파
추가해서 먹으면
2명에서 먹기 좋습니다^^",20201213,5
맛있게 잘 먹었습니다,20201213,5
"간편해요.
..
.",20201213,5
"달고 맵고 짭니다. 쭈꾸미 다 건져 먹고, 밥까지 볶아 먹어야 1인분 됩니다.",20201213,3
잘 먹었어요 또 시킬게요,20201213,5
야채없이 그냥 해드세요 꼭꼭,20201212,5
너무 맛있어요 ㅎㅎ  야채 안넣고 그냥 하는게 더 좋아요,20201212,5
맛있어요 쟁여두게되요,20201212,5
쓱배송으로 편하게 받았어요~,20201212,5
밥 반찬으로 매콤하니 맛있어요,20201211,5
양이 좀 아쉽지만 맛있어요,20201211,5
맛있어요~ 콩나물도 넣어먹으면 정말맛있겠네요,20201211,5
"술안주로 좋아요
양이 적어서 아쉬워요",20201211,5
양념이 조금 쎈데 맛있ㄱ 막었어요,20201211,5
맵고 야채를 더 넣어야 함  몇마리 안됨,20201211,3
좋아요~ㅎㅎaaaㅎ,20201211,5
가격이 쪼금 쎄지만 맛나네요 깻잎 쌈에 싸먹으니 향긋하고 쭈꾸미 쫄깃한 식감이 좋아요,20201211,4
맛있긴 한데 제도 소수가 너무 찌 네요,20201210,5
양념이 너무 많아요.. 양념 좀 줄이고 쭈꾸미가 더 많았으면,20201210,5
"집에 있는 무쌈과 계란찜도 함께 하니
너무 맛나서 재주문 합니당.",20201210,5
음....양념이넘달고 ㅜㅜ 저는별로였어요 양도 저고,20201209,5
먹어보기 전인데 기대 되네요,20201209,5
항상 주문하는거예용ㅋㅋ,20201208,5
매콤한거 땡길땐 쭈꾸미죠 맛도 맛있어요 ㅎㅎ,20201208,5
맛잇엇어요 쭈삼진리쥬,20201208,5
이거 진짜 맛잇어요,20201207,5
애용하는 제품입니다~~,20201207,5
늘 구매하는 제품 최고,20201207,5
적당히맵고 맛있어요,20201207,5
배달 편하고 싸고 좋아요 : ),20201207,5
와 콩나물이랑 먹음 딱이예요,20201207,5
매콤 달콤 맛있어요,20201207,5
너무 ?있어요 자주 시켜 먹고 있네요,20201206,5
너무 ?있어요 자주 시켜 먹고 있네요,20201206,5
반찬 없을 때 먹기 좋아요,20201206,5
쭈꾸미가 별로 없어서 아쉬워요,20201206,4
신선하고 저렴하고 좋았어요~,20201206,5
좋아요 지금 구매하세요,20201205,5
맛은 잘 모르겠지만 간단히 데워먹을수있어 편해요,20201205,4
맛있게 먹었어요! 반찬하기 싫을때 좋아요,20201204,5
"예상보다 맵고, 양이 적이서 놀랐습니다.",20201204,3
맛있어 보여서 구매했어요^^,20201204,5
"밀키트의 맛이 확실히 나요. 맵고 단맛!
쏘스의 양이 많고 간이 좀 짜서 양배추 당근 대파도 
물 안생기게 쎄게 따로 볶아 쭈꾸미랑 같이 볶아 먹는게 낳아요.",20201204,3
매번 사먹습니다..,20201204,5
삼겹살 넣고 맛있게 먹었어요,20201203,5
늘 먹는 피코크 쭈꾸미,20201203,5
리뷰좋아서 구매해봤어요,20201203,5
맛있어요 잘받았습니다 감사합니다,20201203,5
맛도 새벽배송도 전부 짱입니다.,20201203,5
적당히 매운 맛이 좋아요,20201202,5
가성비좋고 맛잇어요.,20201202,5
자주구매하는 상품입니다 ,20201202,4
리뷰보고 구매했어요.,20201201,5
맛은 맵지만 괜찮은편,20201201,5
진짜 괜찮아요 단맛이 많이 없어서 더 좋아요,20201201,5
쭈꾸미볶ㅡ음ㅡㅇㅇㅇ,20201201,3
야채랑 맛있게 먹었어요,20201201,5
잘받았습니다. 감사합니다.,20201201,5
맛있게 잘먹었어요ㅎ,20201201,5
저렴하게 이용할수있어 좋아요,20201201,5
좀 비싸긴 하지만 해동해서 금방 볶아서 먹을 수 있어 간편해요!,20201201,5
혼자서 다먹었어요 맛있어요 짱짱,20201201,5
냄새나고 질기고...,20201201,2
예전엔 무척 맛있게 먹었는데 뭐가 변한거죠?,20201129,5
가격도 저렴하고 좋네요.,20201128,5
맛있게 잘 먹었어요,20201127,5
맛있어요 맛있어요 ,20201127,5
빠른 배송 감사합니다.,20201127,5
간편하고 맛있어요.,20201126,5
매콤하네요~ 다른 야채나 삼겹살과 함께 볶으면 더 맛있을거 같아여,20201125,5
아주 좋아요 신선합니다,20201125,5
피코크 낙지 먹고 만족해서 이것도 한 번 사봄  낙지는 소스에서 마늘맛이 좀 나서 싫엇는데 이건 어떨지,20201124,5
코로나로 인해 집콕 혼술 안주로 최고에요.,20201123,5
"양배추, 호박, 콩나물과의 환상적인 맛이었습니다...중독될 듯~~~",20201122,5
나쁘지않아요 매움 양념 넉넉해서 야채 사리추가하세요,20201121,4
양념이 많아서 삼겹살300g구워서 양배추 양파 넣고 같이 볶으면 맛있어요,20201121,5
저번에 먹었을때 맛있어서 또 구매함니다,20201121,5
와 주꾸미가 통째로 들어있는데 야채 더 넣어서 같이 볶으니 꿀맛 재구매 갑니다,20201120,5
굿 좋아요 안심할 상품,20201120,5
주꾸미가 급 땡겨서 먹었어요,20201120,5
맛있고 활용하기 좋아요,20201119,5
"저는 맵찔이라서 좀 매콤했습니다.
양은 꽤 작아서 1인분으로 적당할 것 같네요",20201118,5
상품과 배송 모두 만족합니다 감사합니다,20201117,5
"좋아요 
항상 재구매하는 제품",20201117,5
좋아요.!!ㅎaaㅎ,20201117,5
좀 매운데 맛있어요,20201116,5
간편하고 맛있네요.,20201116,5
맛있어요좋아요~~~,20201116,5
좀 달구 더 매?으면 ㅠ,20201116,4
맛도좋고 간단하게 요리하기 좋아요,20201115,5
콩나물을 얻어 먹으면 최고입니다,20201115,5
맛있어요 !! 매콤하고! 손질 귀찮아서 쭈꾸미 이런거 잘 안샀었는데 이렇게 나오니까 해먹기 좋네요,20201115,5
야채. 삼겹살 넣고 볶아먹음 맛있어요 ,20201115,5
후기보고 한번 시켜먹었다가 재구매한 상품... 진짜 존맛탱. 이번엔 깻잎도 와구와구썰어넣어 맛있게 먹어보려구요,20201114,5
야채 팍팍 넣고 볶아 먹어요,20201112,5
맵거 달짝지근해요!,20201112,5
항상 구매 만족합니다,20201109,5
잘 받았습니다 저렴하고 편리하게,20201107,5
냉동이 아니라 조리가 편했어요,20201107,5
도시락 반찬으로 가끔 구입합니다. 양도 적당하고 다 좋은데 제 입에는 살짝 매워요 ,20201107,5
매운데 맛있어요 계속 재구매중입니다,20201106,5
쭈꾸미가 매운곳은 지나치게 매워서 먹을 수가 없는데 여긴 맵지만 먹을 만해요.,20201106,5
맛있어서 자주 사요,20201106,5
쭈꾸미 간편하게 먹을 수 있어 좋오요,20201106,5
쭈꾸미 볶음 간편히 요리할 수 있어 좋아요,20201105,5
자주 사 먹습니다. 맛있어요~,20201105,5
상품 배송 모두만족,20201105,5
피코끄 좋아요 굿굿,20201104,5
리뷰좋아서 한번주문해봄,20201104,5
조아요 맛있어요 가성비,20201104,4
채소 좀 더 넣고 볶안먹었더니 많이 맵지도 않고 맛있어요,20201103,5
저입맛엔 좀달아요ㅡ,20201103,4
맛있어서 쓱시킬떼마다 구매,20201103,5
"머리까지 붙어 있어요 굿굿
쭈 삼 쭈 삼 너무 맛있게 먹습니다",20201102,5
오! 기대! 맛나요! 정말! 먹어요! 짱!,20201102,5
한끼 식사로 손색이 없을 듯,20201102,5
쭈구미 맛있게 먹었습니다.,20201102,5
배송도 빠르고 좋아요 ~!! 수고하세요 : ),20201102,5
반찬없을 때 간편하게 먹을 수있어 좋아요,20201102,5
가격대비 괜찮습니다,20201102,5
아시길 바라며 구매했어,20201101,5
"조금 매콤해요
먹을만해요",20201101,5
너무 맛나요 떨어지면 바로 주문해요,20201101,5
우어어터ㅗ노터너ㅓㄱ토ㅗ몬,20201101,5
맛있는데 매워욥..,20201101,5
자주 사먹어요 맛나요,20201031,5
그냥 바로 먹는 쭈꾸미로는 괜찮아요,20201031,5
주꾸미 식감이 좋아요,20201030,5
"배송빠르고 아주 좋아요
많이 이용해야 겠어요",20201030,5
맛있지만 매워요 모짜렐라 치즈 뿌려서 조리해먹으면 맛있어요,20201029,5
낙지볶음이 맛있어서 같이 주문했는데 아직 안먹어봤어요 ,20201029,4
리뷰가좋아서 샀어요,20201029,5
배송빠르고 좋아요 ㅎ,20201028,5
쭈꾸미도 많이 들어있고 양념도 맛있어요,20201028,5
단짠단짠ㅋㅋㅋ 야채넣구 먹었어요,20201028,4
양은 많지 않지만 양념도 맛있고 채소 첨가해서 먹으면 더 좋아요 비상식량,20201028,4
쭈꾸미볶음 좋습니다,20201027,5
"냉동식품인데 비싸다고 생각했는데
채소넣고 볶아먹으니 주꾸미도 크고 양념도 넉넉하니 맛있게 잘먹었네요",20201027,5
반찬없을때  급  사용하기좋아요,20201027,5
매콤달콤합니다 쭈꾸미땡길때 한번씩 사리추가필수,20201026,5
맵기도 적당하고 맛있어요,20201026,5
항상 맛있게 먹는 주꾸미입니다~!,20201026,5
맛있어요 ! 재구매 할 예정~,20201026,5
생각했던거보다 훨씬 맛있어용,20201025,5
데친콩나물과 상추넣고 쓱쓱.비버서 맛나게 먹었지요,20201025,5
늘 애용합니다 조아요,20201023,5
양도 적당하고 양념도 맛있어서 밥까지 볶아먹음,20201022,5
생각보다 너무 맛있어서 놀랐어요!,20201022,5
맛있어요 추천합니다,20201021,5
이번건 엄청매워요 매번 매운정도가 다르네요,20201021,4
맛있어요. 또 사먹을 의향있습니다.,20201021,5
맛있게 잘먹었어요~^^,20201021,5
맛있게 매워요. 매운거 못 드시는 분은 비추.,20201020,5
애들이 무척좋아합니다,20201020,5
쭈꾸미가 생각보다는 실해서 괜찮았어요.,20201020,5
자주사는 제품이에요!,20201019,5
자주 이용할게요.^^,20201018,5
매운거 땡기는날 맛있게 먹었어요~! 갈릭마요만들어서 찍어서 깻잎에 싸먹으면 완전 맛있어요! 강추,20201018,5
이거 맛있음 잘 먹었어요~,20201017,5
매워요. 맛은 보통,20201017,3
냉동시판치고는 그냥저냥먹을만합니다 ,20201017,5
피코크 양념이 굿굿~~야채와 요리하니 맛있습니다,20201017,5
낙지보다 더 매워요~ 식당에서 먹던맛이랑 비슷해요!,20201016,5
생각보다 괜찮아요 아주 맛있네요,20201016,5
조금 맵습니다 품절이 잘 되어 구매하기 어렵네여,20201016,5
.설탕을 빼면 더좋겠네요.,20201015,3
주꾸미도 도전 ~~~,20201015,5
자주 구매하는 제품입니다.,20201014,5
쭈꾸미만 양념에 버무려져 있어요. 정말 매워요. 당근 대파 버섯 추가해서 먹었는데도 온몸이 후끈해지네요. 먹을만한데 매운맛과 스프맛이 덜 나면 좋겠어요. ,20201014,4
맛있어용 ㅋ 마니파세여,20201014,5
자주 시켜 먹습니드,20201014,5
며칠전에 시킨걸 어제야 먹었어요 리뷰보고 각종 야채넣고했는데 진짜 맛있네요 맵긴 매워요 그래도 행복한 저녁식사였습니다 재구매 의사 있어요,20201014,5
가격 대비 무난합니다,20201013,5
맛있고 좋아요 늘 시켜먹어요!,20201013,5
너무 맛있고 재구매 예정,20201012,5
맛나요! 또 주문한거 지금 배달오는 중! 대패삼겹살이랑 콩나물 많이 넣고 같이 먹어요. 깻잎위에 날치알 살짝 올려서 쭈꾸미올리고 마요네즈 아주살짝 올려주면 꾸르르맛! ,20201012,5
맛있어요. 간편하게 먹을 수 있어요,20201012,5
잘받았습니다 고맙습니다,20201012,5
맛있어요. 근데'넘 매워서 양파 넣어서 먹어요 ㅎ,20201011,5
먹어보고 바로 재구매 해서 쟁여뒀습니다!! 비린걸 잘 못먹어서 걱정했는데 비린맛 전혀 없고 양념이 넉넉해서 좋아하는 야채나 사리 곁들이기 딱 좋아요!! 깻잎이랑 팽이버석 넉넉하게 넣어서 먹으니깐 좋더라구요! 다음에는 우동사리  도전 예정입니다 :) ,20201011,5
집에서도 쭈꾸미가 먹고파서 샀어야,20201011,5
매콤하니 맛있게 먹었어요,20201010,5
매워요 제입맛에는 별로예요,20201009,3
"맛있어요..ㅋㅋ 다음에 재구매 할꺼에요
",20201009,5
"맛있어요..ㅋㅋ 다음에 재구매 할꺼에요
",20201009,5
편하게 늘 잘 구매하고 있습니다,20201009,5
꼭 쟁여놓는제품 맛있어요,20201008,5
맛있어쇼..  혼자먹기 좋아요,20201007,5
크기도 크고 매코마니 좋아요. 쭈삼하면 너무맛있어요,20201007,5
정말좋아요 또살래요,20201007,5
매웠지만 맛은 있었어요.,20201007,4
맛있어요 맛있어요 맛있어요,20201006,5
그냥 짜고 맵고 달고.실패했네요,20201006,1
간편하게먹기좋아요~~~,20201005,5
가격대비 괜찮습니다,20201005,5
좋아요 잘먹겠습니다,20201005,5
양은 많은데 조금 매운편이에요,20201005,5
낙지.... 낙지볶음 주문한다는것이.. ㅎㅎ,20201005,5
맛있어요 맛있어요 맛있어요,20201005,5
피코크 쭈꾸미 궁금해서 사봄,20201004,5
양이 적어요. 그냥 그랴요,20201004,5
"밥까지 볶아 먹었어요ㅎㅎ
맛있어요",20201003,5
매콤한게 맛있었어요,20201003,5
피코크 쭈꾸미 최고에요,20201003,5
"매운 음식 잘 못먹는 우리 집은 삼겹살과 오징어 더 넣고 설탕, 참기름 좀 더 넣어 먹었는데 맛있어요.",20201002,5
"양념도 쭈꾸미도맛있네요
쭈꾸미 양도 적당하고 좋아요",20201001,5
어너처어ㅠ오너턴ㅊㄹ노ㅓ뉴냐,20201001,5
맛있엉 낙지에서 이걸로 갈아탔어요,20201001,5
부모님 주문해드렸어요,20201001,3
좋습니당ㅎㅎㅎ강추해영,20201001,5
채소 넣고 센불에 볶으면 맛있어요,20201001,5
자투리 채소 넣고 볶아 먹으면 맛있어요,20201001,5
아주 좋아요~~~~,20201001,5
좋은 제품 감사합니다..,20201001,5
사먹는거보다 훨싸고 맛남,20200930,5
사려고 했던 제품이 너무 오래 품절이라 대체품으로 구매 나쁘진 않은데 고추장 맛이 좀 강한 듯해서 떡볶이처럼 느껴져요,20200930,3
쭈꾸미 맵네요 양은 많지않지만 맛나요 ,20200929,5
"생주꾸미에 양념범벅 된거라
야채 추가해서 먹음 맛있어요.",20200927,5
매콤한데 진짜 맛있어요!,20200927,5
콩나물넣어서 볶아먹었는데 맛있어요,20200927,5
맛있어? 주꾸미가 많이 들어있어?,20200927,5
달긴 한데 맛있어요,20200926,5
맛있고 생각보다 매워서 더 좋아요,20200926,5
간편하고 좋습니다 ㅎ,20200925,5
좋아요. 재구매의사 있습니다.,20200925,5
맛있기를 기대합니다 잘먹을게요,20200925,5
아직도 안 먹어 보았네여 ㅠ 먹어보고 다시 리뷰 남길께요,20200924,5
자주 이용합니다. 맛있어요! 적당히 맵고,20200923,5
매워요 조미료맛이 강해요,20200923,5
아주 맛있어요~~재구매하러왔어요,20200923,5
맛있어요! 짭쪼름한 쭈꾸미 야채랑 볶아먹으면 더 맛있음,20200922,5
어떨지 궁금한데 맛있었음 좋겠네요,20200921,4
너무너무 마음에 듭니다~~,20200921,5
쭈꾸미가 적은게 흠이라면 흠이고요.. 맛있게 매운 맛이에요. 소스 뒀다가 다른 해물 넣어서 다시 재탕해먹었어요. ,20200921,5
"평도 좋고 매번 밖에서 포장해다 먹기
귀찮을때 해먹으려고 구매해봤어요. 내용물 살짝 보아하니 아주 매콤해 보이는데 기대됩니다",20200920,5
먹을만 해서 재구매합니다.,20200920,5
"주꾸미 갑자기 먹고 싶을때~~~
좋아요",20200920,5
쭈꾸미 볶음 좋네요.,20200920,5
맛있어요 쭈꾸미 먹고싶아사 삿어요,20200919,5
맛있게 잘 먹었어요,20200918,5
"엄청 매워서 양파랑 이것저것 넣어서 다시 요리해서 먹었습니다
매우니 조심하세여!!",20200918,5
너무 맵지도 않고 딱 적당해서 좋아요!,20200918,5
간편해서 좋아요 매콤하고 ,20200918,5
음 한번 먹을만한데 다시 사 먹을정돈 아니에요,20200917,2
감사합니다 자주 이용하고있어요&hearts;,20200916,5
좀 비린내 약간 났어요,20200916,5
"강추!
콩나물이랑 양파랑 대파랑 추가해서 먹었더니, 쭈꾸미 맛집 저리가라네요 ㅎㅎ 
가격도 넘나 착함",20200914,5
처음 먹어보는거라 기대하고 있어요 아직 안먹어봤어요,20200914,5
진짜 추천합니다 !! 맛있어요 !,20200914,5
주꾸미도 큼직하고 맛있어요,20200913,5
"깻잎.양파.대파 넣어서 볶았어요
좀 맵지만 맛있어요
쭈꾸미도 상태좋네요",20200912,5
맛있는데 양이 엄청 적어요,20200911,5
콩나물넣고 양배추넣고 볶았더니 너무 꿀맛,20200910,5
쓱배송으로 받아볼수있는게 이브랜드 뿐이네요ㅜㅜ,20200910,5
매콤한편이구 대패삽겹넣어서 볶아먹었어요^^,20200910,5
한끼 한번 간단하게,20200909,5
냠냠 역시 맛나요 ㅎㅎ,20200908,5
"잘먹었어요~~ 
시간맞춰잘도착했습니다",20200908,5
생각보단 양도 적고 별로 였어요,20200906,5
양념이 되어있어서 좋았어요 ㅎ,20200906,5
매콤하니 맛있네요~,20200906,5
빠른 배송 감사합니다.,20200905,5
맛있어요. 여러 번 사서 먹었어요,20200905,4
적당히 매콤하니 맛있어요,20200905,5
언제나 믿고 사는 제품입니다 ^^,20200904,5
야식으로먹으려고구매했어요 ,20200904,5
자주 사용하는 제품입니다.,20200904,5
와 씨 존맛탱 ㅜㅜ 또 살거게요,20200904,5
"좋아요
간편하게 볶아먹으니 좋네요",20200903,5
가격대비 괜찮습니다,20200903,5
주꾸미는 피코크~~~,20200903,5
간편하게 조리하니 좋아요,20200903,5
맛있어서 몇통째 먹는중,20200902,5
"무난한맛이었어요
또먹고싶을만큼 막맛있는건 아니지만 무난합니다",20200902,4
아직 시식 전이지만 맛있기를,20200902,5
생각보다 맛있어요. 야채조금넣고해요,20200902,5
볶음으로 맛있어요~,20200902,5
주꾸미볶음 맛있어요^^,20200902,5
활용하기에 좋으네요,20200902,5
적당히 매콤하고 괜찮았어요 ,20200901,5
아이가 좋아해서 자주 주문하게 되네요,20200901,5
아이가 좋아해서 자주 주문하게 되네요,20200901,5
맛나요 자주 먹어요ㅑ,20200901,5
좋은 제품 감사합니다..,20200901,5
맛ㅇㅆ는데 양이 좀적네요 ㅋ,20200901,5
주꾸미 볶음과 낙지 볶음 을 같이 잘 해서 먹었어요 ,20200901,3
늘 사는 제품이예요,20200901,5
좋아요~~~ 좋아요,20200901,5
늘 먹던거에요! 맛있어요,20200831,5
소분해서 먹었어요 냉동,20200830,5
"제품은 좋아요~ 생각보다 너무 맵긴했는데 다음엔 야채 많이 넣어서 먹음 괜찮을것 같아요.. 그런데 배송이 문제예요.
식품끼리 묶여서 왔는데 쭈꾸미 프라스틱 케이스 한쪽이 깨져서 양념이 새고 있더라구요. 또 한번 더 이러시면.. 화낼 거예요 진짜로^^ ",20200830,4
좀 매콤하지만 맛있어요!,20200828,5
굳입니다 정말 굳입니다,20200827,5
"후다닥해먹기좋아요~근데 양이너무적습니다ㅠㅠ
쭈꾸미더있음좋을것같네요~~^^",20200826,5
배송 빠르고 좋아요.,20200824,5
잘먹었어요 ㅎㅎ ㅎㅎ ㅎㅎ,20200824,5
가격대비 괜찮은 상품입니다,20200823,5
"매웠어요
맛 좋았습니다",20200822,5
"매콤하는 리뷰로 콩나물, 양파, 대파 듬뿍넣고 조리했는데 제가 매운 음식을 잘 못 먹는 편이라 그럼지 그래도 맵더라구요..땀삐질 ㅎㅎ 맥주 안주로는 최고네요",20200822,5
잘먹겠습니다 잘먹겠습니다,20200822,5
음.. 아직 먹기전인데 기대해요,20200822,5
잘받았습니다 잘받았습니다,20200821,5
쭈꾸미는 사랑입니다.,20200821,5
좀 달지만 쭈삼하면 맛있어요,20200819,5
맛있어요  잘 먹었네요,20200818,5
간편히 먹기좋아요ㅎ,20200817,5
피코크니 맛이야 중간이상은 합니다,20200817,4
맛있어요. 야채까지 직접 추가해서 먹었어요,20200816,4
쭈꾸미볶음 간단히 해먹기 딱이에요.,20200816,5
기대보다 더 맛있어서 재구매 했습니당 ㅎㅎ,20200815,5
매콤한게 땡길때는 쭈꾸미볶음이 최고,20200814,5
쭈꾸미 너무 짱맛! ,20200813,5
맛있게 먹었습니다. ,20200813,5
"한번 먹을만한데 너무 맵네요
팽이버섯 넣고 했는데도~",20200813,4
매웠어요~ 맛있게 매운맛이라 담에 또 먹어야겠어요,20200812,5
양이 많지는 않지만 정말 맛있어요,20200811,5
"냉동실에 있음 든든해요.
양파 같은 채소랑 당면이나 라면사리 같은 거 넣어서 볶으면 푸짐해요.",20200811,5
첨 출시 ?을때 부터 사서 먹었는데 진짜맛나요 단점은 가격이 넘 올랏네요,20200811,5
"낙지랑 같이 자주구매
쭈꾸미가 통이라 좋아요",20200811,5
먹기 편해서 자주 사먹어요~둘이 한끼로 좋아요,20200810,5
맛은 있는데 ... 2명이서 먹기에는 양이 살짝 적네요 ... ,20200810,3
둘이 먹기 약간 부족해요 맛은 좋네요,20200809,5
"많이 매운편
콩나물 넣으세요",20200809,5
맛이 좋아요 만족합니다,20200808,5
너무 좋아하는 상품이에요. 가격은 꾸준히 오르고 그래서 기분이 양이 적어지는 것 같지만 여전히 맛있어요. 양념이 베스트,20200808,5
ㅎㅎㅎ 좋아요ㅎㅎㅎ,20200807,3
매운맛이 강한게 조금 그렇지만 그래도 맛있는 반찬으로 좋아요 ,20200807,3
맛있는데 양이 조금 적어요 ~~,20200807,5
"진짜 맛잇어용 노브랜드
대패삽겹 넣고 매운거 같아서 설탕 살짝 넣엇더니 대존맛
시켜먹을필요없숴여",20200807,5
쭈꾸미 맛잇게먹엇어요,20200806,5
자주 구매하는 상품입니다,20200806,5
"매콤하니 맛있어요!! 양이 적게 느껴졌는데, 야채 넣고 먹다가 밥 볶아서 먹으면 두명이서 먹기 딱 좋아요~~",20200806,5
맵긴하지만 맛있어여 ,20200806,5
매콤하고 간편해서 좋아요.,20200806,5
자주 이용하는 상품입니다.,20200805,5
만족합니다!!! 다음에 또 살거에요!!,20200805,5
맛있었어요 이거술안주네요,20200804,5
믿고 먹는 제품입니다,20200804,5
믿고 먹는 제품입니다,20200804,5
믿고 먹는 제품입니다,20200804,5
믿고 먹는 제품입니다,20200804,5
믿고 먹는 제품입니다,20200804,5
하남쭈꾸미만 먹다 사봤는데요 맛있네요^^,20200803,5
쓱배송으로 편하게 받았어요,20200803,5
살이 제법실해요 ㅎ,20200802,5
쭈꾸미가 조금 더 많이 들어있었음 더더 즐거운 맘으로 행복해 했을 테지만 이 정도도 뭐 괜찮다 생각합니다. 간은 좀 셀까봐 물을 조금 넣었는데 괜찮았어요.,20200802,5
가격 저렴하고 자주 사요.,20200801,5
맛있게 잘 먹었어요 ㅎㅎㅎ,20200801,5
항상 재 구매해요 ..,20200801,5
야채를 첨가해서 쭈꾸미볶음 해서 잘 먹었어요.,20200801,5
맛있었어요. 개인적으론 낙지볶음이 더 낫네요.,20200801,5
빠른 배송 감사합니다 ^^,20200731,5
맛있습니다요....,20200731,5
맛있게 맵다고 하네요,20200730,5
이거 진짜 맛있아요 두번째 주문,20200729,5
매콤하고 부가적으로 야채넣어 먹으니 맛있어요,20200728,5
싸게 잘 샀어요. 맘에 들어요,20200728,5
아주 맛있어요 자주 이용해요,20200727,5
맵지만 맛나다고 하네요.,20200727,5
편하게 해먹을수 있어요,20200724,5
맛있어요! 매콤하니 떡이랑 채소 추가해서 먹어도 양념이 괜찮아요,20200724,5
좋아요 쭈삼 해먹었는데 맛있네요 ,20200723,5
피코끄라서 구매해봤어요,20200722,5
"야식으로따봉.
콩나물도같이 쓱배송하세요. 양은좀작아요",20200722,5
매콥하게 맛있어서 자주이용합니다야채좀넣어서먹으면더욱좋아요,20200722,5
"매워요. 그래서 맛있어요ㅎㅎ
유통기한이 넉넉해서 쟁여두기도 좋아요.",20200722,5
"매콤하니 맛있어요!
여기에 깻잎 콩나물만 있으면 맛집 부럽지 않게 맛이 좋아요.
다 먹고 김가루 참기름에 밥볶아 먹으면 꿀맛!!",20200722,5
쭈꾸미 매콤해요! 돼지고기랑 같이 쭈삼으로 먹는데 야채를 많이 안넣으면 짜요! ,20200722,5
쭈꾸미 큼직하고 매콤해요 맛있어요,20200720,5
다른 주꾸미도 먹어 봤지만 이제품이 맛있네요,20200719,5
늘 구입하는 상품입니다.,20200719,5
사놓고 아직 안 먹어?는데 맛있어 보여서 샀어요,20200718,5
너무 맛있습니다. 추천 합니다.,20200718,5
늘사는거예요 만족합니다,20200718,5
주꾸미 볶음 해먹었어요,20200717,5
양배추 마늘 양파 청양고추 넣어서 먹었어요. 근데 기본적으로 좀 매운편이라 청양고추는 괜히 넣었네요ㅠㅠ 맵지만 맛있게 먹었어요~,20200716,4
매콤하니 맛있네요 만족해요,20200716,5
간편하게 주꾸미 볶음을 만들수 있어요,20200716,5
맛나요.  맛은 최고,20200716,5
맛있게 매워요 굿굿,20200716,5
생각보다 맛이 있었어요 편해요,20200715,5
후기가 좋아서 샀는데~~맛있으면 좋겠어요,20200715,5
믿보배 피코크 입니다,20200715,5
맵고 밥 비벼서 먹으니 맛있습니다,20200715,5
"음~~~쭈꾸미가 형태를 못알아보겠어요
쭈꾸미랑 숨박꼭질하는줄~",20200715,5
"냉동식품이라서 별로일줄 알았는데, 생각보다 양념맛이 괜찬더라구요
맛있어요, 삼겹살 추가하면 더 좋더라구요~",20200714,5
쭈꾸미 집에서 먹고싶을때 야채 이것저것 넣고 볶아서 먹는데 맛있어요ㅎ저희는  한팩으로 둘이먹고 볶음밥도 해먹기에 적당한양이라 주꾸미땅길때 마다 사서 해먹을거 같아요,20200714,5
늘 시키던거에요 맛있어요,20200714,5
와진짜맛나요 좀매워요,20200713,5
매콤하니 맛나네요..,20200713,5
간편하게 먹기 좋아요,20200712,5
양이적어서 쭈꾸미 좀더사서 넣어먹으니 딱입니다,20200712,5
적당히 맵고 아주 맛있었어요!!,20200711,5
아주 맛있습니다 양이 얼마 안 돼요 그래서 아쉬워요 냉동쭈꾸미 더 사서 함께 넣어도 될 거 같아요 양념이 많아요,20200710,5
아직 안먹어봤네요~ 편히 먹을 수 있을 것 같아요,20200709,5
자주 먹어요. 맛있어요.,20200709,5
매콤한 게 당길때 끌리는 맛,20200708,5
자주구매합니다 만족,20200707,5
간편하게 해먹기 좋고 소스도 식당에서 사먹는 거 같은 맛입니다. 좀 더 매운 버전도 구입할 수 있으면 좋겠어요.,20200707,5
완전 맛있어요 완전,20200707,5
넘 맛있어서 또 시킬듯,20200707,5
맵고 불향도 납니다. 냉동인것을 감안혀야. ,20200707,3
맛나요~ 양이 더 많았으면좋겠어요..,20200706,5
매콤합니다. 콩나물 잔뜩 넣어 먹었어요 ,20200706,5
쭈꾸미가 너무 적네요.맛은 있습니다,20200706,3
좋아요 좋아요 좋아요,20200706,5
자주 이용하고 있어요,20200705,5
이거 진짜 맛있네요 꿀템,20200705,5
매콤해요. 한번씩 땡길때~,20200704,5
야채가 들어있는 줄 알았는데 진짜 주꾸미랑 양념만 있네요ㅋㅋㅋ근데 진짜 맛있어요 역시 피코크,20200703,5
맛있어요. 안질기고 맛도 좋고 잘받았습니다.,20200703,5
정말 맛있어요 자주 먹어요,20200703,5
"양념이 매콤해서 
삼겹살이랑 야채들 추가해서 쭈삼으로 먹으니 맛있네요.
(맵찔이 입니다)",20200703,5
"주꾸미양이 좀 작구요 생각보다 매운맛만 나는 느낌이네요 
그래도 이것저것 채소를 섞어서 먹으니 괜찮았는데 피코크에서는 조금 ㅋ실망했어요",20200703,3
"가격 그만 올라주세요,, 양 적어지지 말아주세요,, 계속 먹을게요,,",20200703,5
저렴한 가격에 잘 받았습니다,20200702,5
"다 좋은데 (양념, 양) 너무 질겨서 턱보톡스 맞은거 도루묵될듯..",20200702,3
가격도 싸고 자주 구매하게 되네요.,20200702,5
양파..야채넣고 볶기만 하면 되요,20200702,5
기억에 안나는 맛.,20200702,3
ㅜ나너너너ㅠ우너나우ㅠ융,20200702,5
이거 정말로 맛있다 매워요,20200702,5
맛있게 잘 먹었어요,20200701,5
맛있어요 아주 자주 이용해요  ㅋㅋ,20200701,5
쓱배송 빠르고 좋아요~,20200701,5
좋아요 재구매의사 있어요,20200701,5
오 이거 진짜 맛있아요 !! 또 사먹으려고?,20200701,5
저렴한 가격에 잘 받았습니다,20200630,5
아주 대만족.마니파시고 번창하세요ㅎㅎ.,20200630,5
매콤해서 입맛당기는맛,20200630,5
기대보다 훨씬 맛있어요,20200629,5
좋아요 좋아요~~~~,20200629,5
맛있어요  가격대비,20200629,5
쭈꾸미 많아서 한번 먹기 충분해요,20200628,5
맛있어요자주갑니다 감사합니다,20200627,5
가격대비 만족이에요,20200626,3
가성비 좋네요~맛있어요~,20200625,5
피코크 주꾸미 맛있어요~~,20200625,4
간편하게 먹기 좋습니다. 맛은 평타,20200624,3
간편하고 맛있어요!,20200623,5
평이 좋아 구매했는데 삼쭈불 성공했어요,20200622,5
그냥그래요 그냥그래요. 양념이 더 ㅇ많음,20200621,2
최고입니다 굳이안시켜먹어도댈만큼,20200621,5
매운거못먹는데 밥까지볶아먹음,20200621,5
주꾸미 먹고 싶어서 샀는데 양념이 기대 이상으로 맛있더라고요. 주꾸미도 부드럽고 야채랑 같이 넣어 먹으니 훨씬 맛있어요. ,20200620,5
제 입맛엔 별로였어요 용두동이나 낭만에 적응이되서....,20200619,2
기대했던것 보다는 제 입맛과 맞지않네요,20200619,3
온라인으로는 처음 주문했는데 그래도 먹을만하네요,20200616,5
"맛있다고해서
구입해봤어요^^",20200615,5
주꾸미가 먹고싶어 구매합니다~잘먹겠습니다 ~,20200615,5
지주 먹어요. 맛있어요.,20200613,5
리뷰가 괜찮아서 시켜봤는데 맛있네요! 양은 둘이 먹기 적당해요 ,20200612,5
괜찮아요 괜찮아요ㅡ,20200612,4
너ㅓ아라라ㅡ루ㅜ너너어,20200612,5
많이 매워요 그래도 맛있어요,20200611,5
양은 적어도 매콤하니 맛있어요,20200611,5
생각보다 너무 맛있어요,20200611,5
"한번구입해 봅니다 
",20200611,5
맛있어요 맛있어요 ~!~!,20200610,5
"좋은 제품, 좋은 가격으로 잘 샀습니다. ",20200610,5
상품과 배송 모두 만족합니다,20200609,5
양이 진짜 적습니다. 맛은 좋은데 꽤 매워요.,20200609,4
"매운데 맛있어요~ 물+양배추+파 넣었는데도 짜요..
콩나물이랑 채소 때려넣고 비벼서 쌈싸먹었는데도 맵찔이라 그런지 울면서 먹었어요 ㅋㅋㅋ 당면넣어도 좋을듯ㅎ 2인 먹기 딱 좋은양이고 냉동실에 구비해뒀다 땡길때 바로바로 해먹음 딱일듯합니다",20200607,4
와우 이거맛있어요!,20200607,5
피코크 쭈꾸미 매콤하고 아주 맛있습니다.,20200606,5
ㅎ맛있어요 늘 먹고 있어요,20200606,5
맵긴 한데 쭈꾸미 실하고 맛있습니다,20200605,5
재구매해요 매콤하니 맛있어요,20200605,5
"아주 맘에 들어요
감사합니다",20200604,5
맘에 들어요.싸게 잘 샀어요,20200604,5
맘에 들어요.싸게 잘 샀어요,20200604,5
맛있게 잘먹었어요 좋아요,20200604,5
맛있게 잘 먹었습니다.,20200604,5
맛있어요 저렴하게 구매했어요 잘받았습니다,20200603,5
소주 안주로 제격입니다 ㅎ,20200603,5
한번씩 매콤한게 땡길때 간단히 먹기 좋아요,20200602,5
좋아여 좋아여 좋아여,20200602,5
"두개 시켰는데 한개먹고, 남은 하나는 어쩌지...하고 있는중입니다. 너무 짜요ㅠㅠ 고추장맛이 강하고 달기도 많이 답니다. 제가 주위에서는 알아주는 소금쟁이로 짜고 자극적인거 좋아하고 배달음식좋아하는 사람인데 이건 너무 짜요ㅠㅠ 뭐 채소나 듬뿍넣고 하면 중화되긴 할텐데, 중요한건 쭈꾸미에 양념이 하나도 안배어있어요...좀 돈아깝단 생각이 많이 듭니다. ",20200602,1
주꾸미 볶음 매번 구매하는거,20200602,5
좋아요 재구매의사 있습니다.,20200601,5
좋아요 재구매의사 있습니다.,20200601,5
양념이 많아서 콩나물과 파채 듬뿍 넣어먹으면 맛있어요,20200601,5
좀 매콤한게 먹고 싶을때,20200601,5
좋은 제품 감사합니다..,20200601,5
생각보다 좋아요 재구매할께요 ,20200601,5
좀 맵긴한데..야채같이 넣고 볶으면 완전 맛있어요,20200531,5
"동네에 잘가는 주꾸미 식당이 있는데, 가는 날이 장날이라고 휴무일이더라구요. 이미 마음은 주꾸미 볶음에 꽂혀 버렸고 이 일을 어쩐다 난감하던 차에 갈등 시작! 주꾸미만 사서 양념을 손수 해 볶느냐, 반조리 제품을 사느냐. 역시나 갈등은 짧고 결정은 빨랐습니다^^ 워낙 손맛이 없는지라 여러 전문가분들께서 심사숙고 끝에 최고의 맛으로 밀봉하셨을 피코크 주꾸미볶음을 주문했는데요. 
포장을 열어보니 실하고 통통한 주꾸미가 존재감 뿜뿜하며 알차게 담겨 있어서 이미 개봉의 순간부터 입고리는 승천했습니다! 기호에 맞게 야채를 곁들여서 센불에 5분만 볶으면 순식간에 주꾸미 요리는 뚝딱 완성됩니다. 야채 손질하는 시간까지 다 해도 15분 정도면 완성되는 것 같아요! 동네 단골집이 휴무일이 아니었더라면, 거기서 평소대로 주꾸미 볶음을 주문했더라면. 가게에 가서 주문을 하고 식탁에 주꾸미 볶음이 나올 때까지 걸리는 시간은 무조건 15분이 넘었을 텐데, 그보다 훨씬 빠른 속도로 주꾸미요리가 완성되다니 정말 신기방기하고 감사한 일이죠^^ 
양념은 적당히 매콤하고 감칠맛이 돌구요, 주꾸미는 탱글탱글 식감이 제대로 살아있어서 아주 맛있게 먹었어요. 2인분 정도의 양이 순삭! 당연히 화룡점정 볶음밤을 빼놓을 수 없어서 밥을 넣고 볶아 깔끔하게 풀코스로 마무리 했구요. 식사로도 술안주로도 손님 접대용으로도 아주 훌륭한 한끼 메뉴라 당연히 다음에도 재구매할 계획이에요!  ",20200531,5
오랜만에 입고 되어서 여러개 구매했는데 맛이 변했어요 넘 짜고 달고 소스가 텁텁해졌어요 ㅜㅠ 깔끔한 매콤함은 온데간데없고;;; 국물 범벅.,20200530,2
저렴한 가격에 잘 받았습니다,20200530,5
너무 만족합니다 좋아요,20200529,5
"맵찔이 기준 많이 매워요
2인분이라고 쓰여있지만 1인분 같아요
야채 넣고 볶는게 맛있네요
밖에 나가기 싫은데 주꾸미 먹고 싶을 때 먹으면 좋을 것 같네요",20200528,3
좀 적어요 ㅠㅠ 맛은있어요,20200527,5
맛있어요.맵지않고양념도듬뿍있어요.,20200525,5
매콤하니 양파추가해서 먹으면 맛있어요,20200523,4
매콤하니 먹을만해요,20200523,4
항상 애용하는 제품입니다 ,20200522,5
적당히 맵고 맛있어요 ,20200521,5
매콤하니 맛있어요!!!,20200520,5
갖은 야채넣고 안주를 만들어봅니다,20200518,5
이거ㅜ좋아요 맛있어요,20200518,5
매콥하니 맛있아요 야채넣음 굿,20200517,5
가격대비 만족합니다.,20200517,5
매콤한게 맛있어요.,20200516,5
삼겹살 애매하게 남았을때 곁들이기 좋음.,20200516,5
좋아요 만족입니다 ㅎ,20200515,5
쭈꾸미 볶음에 콩나물이랑 비벼먹으니 파는거처럼 너무맛있어요,20200514,5
피코크는 믿고 구매합니다,20200514,5
낚지 볶음이 더 나았던듯,20200513,3
싸게 잘 샀어요.맘에 들어요~,20200513,5
삼겹살 구워 넣어 같이 볶아먹음 꿀맛,20200512,5
자주 구매하는 상품입니다.,20200511,5
쭈꾸미가 꽤나 크고 탱탱해서 좋더라구요. 소스는 그냥 보통맛,20200511,4
맛은 있어요 근데 많이 짭니다,20200511,4
멋있습니다  자주구매합니다,20200511,5
멋있습니다  자주구매합니다,20200511,5
이시기에 없어서는 안되는 필수품 회사에서 버스에서 마트에서 항상 휴대하고 사용하고있음 지인에게도 선물하고....같이 살아야하니까ㅎㅎ빨리 이 시기가 끝났으면 좋겠네요. 신종플루일때도 메르스일때도 크게 필요성을 못느꼈는데 이제는 없으면 안되는 필수품,20200511,5
이시기에 없어서는 안되는 필수품 회사에서 버스에서 마트에서 항상 휴대하고 사용하고있음 지인에게도 선물하고....같이 살아야하니까ㅎㅎ빨리 이 시기가 끝났으면 좋겠네요. 신종플루일때도 메르스일때도 크게 필요성을 못느꼈는데 이제는 없으면 안되는 필수품,20200511,5
양도많고 쭈꾸미상태도 좋음,20200511,5
자주 구매하는 상품입니다,20200510,5
너무 매워요 우동사리넣어서 먹었네요,20200510,4
오랫만에구입해서먹었는데쭈꾸미가통통해져서식감이좋네요,20200510,4
맛있어여 쟁여놓고 먹기좋아여,20200509,5
매워요~그런데 맛있는 매움~맛있어요~,20200509,5
양념도 맛있고 먹을민 합니디,20200508,5
자주애용하고있어요^^,20200507,5
맛있게 잘 먹고 있습니다,20200507,5
좋아서 자주 애용하고 있어요,20200507,5
흠ㅋ 반찬없을때 한끼때웠어요,20200506,5
쭈꾸미 8갸 들어있음 참고,20200505,5
리뷰가 좋아서 주문했ㅇㅓ요 맛있길바라며..,20200505,5
아주 좋아요 자주 구매합니다,20200505,5
매콤하고 맛있는 제품,20200504,5
맛있게 잘먹었어요 좋어요,20200504,5
좋아요 재구매의사 있습니다.,20200504,5
굿ㆍㆍㆍㆍㆍㆍㆍㆍㆍ,20200504,5
아직 안 먹어 봤는데 평이 ?네요,20200504,5
맛있어요. 재구매했어요.,20200503,5
"개인적으로 별로였어요.
그리고 정말....매워요",20200503,2
"기대안했는데 엄청맛나요
많이 맵지않고 쭈꾸미도 실해요",20200503,5
맛나요 맛나요 또 구매합니다,20200502,5
삼겹살이랑 먹으면 맛있어요,20200502,5
맛있어용 ㅎㅎㅎㅎ 굿,20200501,5
맘에들어요맘에들어요,20200501,5
자주 구매하는 제품이예요!,20200501,5
강추 맛있어요...,20200430,5
아직 안 먹었는데 맛난걸 같아요,20200429,5
좋아요 좋아요 좋아요,20200429,5
좋아요 좋아요 좋아요,20200429,5
좋러요 좋아요 좋아용,20200428,5
"매워요ㅠㅠ
맛은 있네요",20200428,4
완전 괜찮아요 추천해뇨,20200428,5
맛있어요 맛있어요 맛있어요,20200428,5
맛있어요 맛있어요 맛있어요,20200428,5
"냉동실에 구비해 놓고 먹는 제품이에요
제 기준으로는 살짝 매워서, 야채를 잔뜩 넣고
소면까지 넣어서 먹어도 맛있어요",20200427,5
잘 받었어요 감사해요,20200427,5
맘에 들어요. 싸게 잘 샀어요~~,20200427,5
"매우 맛있게 잘 먹었어요. 양은 2인분 정도이구요, 야채와 소면을 준비해서 함께 먹었는데 가족들 모두 무척 좋아하였어요. 재구매 주문 하였어요. 아! 맵기는 좀 매워요. 화끈한 매운맛입니다^^",20200427,5
 좋아요 늘 주문해서 먹는 상품,20200426,5
와 나 이거 몇개 사먹음?? 리뷰몇개밀린거야,20200426,5
몇번째 구입인지 이젠 셀수없음 ,20200426,5
세번째 구입입니더ㅏ,20200426,5
받았어요.좋아요..,20200425,5
정말맛있어용매콤하니좋아용ㅋㅋ,20200425,5
잘 먹었고 맛있어요..!!,20200425,5
다른 쭈꾸미도 구매 해봤는데 여기가 맛있어서 또 구매 합니다,20200425,5
양배추와 함께 볶으면 한끼뚝딱,20200424,5
잘 받아보았습니다 잘 받아보았습니다 ,20200423,3
매운 거 좋아하시는 분들 진짜 꼭 드세요~ 몇번을 사먹는지 몰라요 갠적으론 하남쭈꾸미 보다 더 맛있어요,20200422,5
외출해서 먹을수 없을때 갖은 채소 섞어서 먹음 진짜 맛있어요.,20200422,5
솔직히 매운건 그렇다쳐도 너무 달아요,20200422,2
"한번먹어보고반햇어요
정말 제가좋아하는 매운맛입니다
쭈꾸미집 가서먹는거보다도 양념이더맛있어요
야채많이섞어먹으니 양도푸짐해지고 최고입니다
또구매햇어요",20200421,5
좀 단것 빼고는 무난합니다,20200420,4
냄새 안나고 멋있어요. 근데 전 좀 매워서 양배추 썰어서 같이 볶았는데 적당히 물이 나와서 먹을만 했습니다. 그리고 국물 자작할때 밥 넣어서 볶으니 딱 좋더라고요. 그렇게 먹으면 3번정도 먹을 수있었어요.,20200420,5
좀 매운 편이고요. 주꾸미는 부드럽긴한데 아무래도 국산이 아니라 식감이 좀 떨어지는 거 같아요,20200419,4
주꾸미도 크고 나름괜찬네요,20200419,5
매콤하고 맛있어요. 자주 주문하게 되네요,20200419,5
매콤헤서 진짜 맛있었어요,20200419,5
맛있어요 재구매 의사 있습니다,20200417,5
"소스도 넉넉하고, 맛있어요. 쭈꾸미도 많이 들어있어요",20200417,5
"저번에 먹어보고 맛있어서 또 시켰어요
양은 적어서 딱 2인용이요",20200416,5
편하게 구매했어요.,20200416,5
약간 달지만 좋아요,20200416,5
양념이 맛이 없어요,20200416,3
"너무너무 매워요 매워서 아무맛이 느껴지지 않아요
양념을 많이 걷어네야 먹을만하고 맛이 느껴지네요",20200415,1
"한끼 먹기 딱 좋아요
맛있어요",20200415,5
배송 안전히 잘왔습니다. ,20200414,5
1.5인분정도 되요,20200414,5
반찬없을 때 쉽게 해먹기 좋아요.,20200413,5
맛있어서 자주애용 하고있어요,20200413,5
너무너무 짜요 두개먹고 버렸어요,20200412,5
양배추 양파잘게 썰어서 넣고 먹으면 됩니다,20200411,5
맛있어요. 입맛 없을때 아버지가 좋아하십니다,20200410,5
가끔씩 사는건데 맛있어요 좋아요,20200409,5
엄청나게 짜요 쭈꾸미만 간신히 먹었어요,20200409,2
만족합니다!!! 다음에 또 살거에요!!,20200409,5
아직 먹어보진 않았는데 맛있을거 같아여,20200408,5
생각보다 괜찮았어요,20200408,4
괜찮아요 괜찮아요.,20200408,5
조리도 쉽고 맛있어요.~~,20200406,5
매운음식이 땡길때 비상식량으로 !,20200405,5
처음 먹어봤는데 꿀맛이네욤!,20200404,5
굳입니다 정말 굳입니다,20200404,5
굳입니다 정말 굳입니다,20200404,5
싸게 잘 샀어요~좋아요,20200403,5
양이 너무 적고 안매움 ㅠ,20200403,3
주꾸미 양도 많고 맛있어요,20200403,5
개맛닛네요 이거 ㅎㅎㅎㅎ,20200403,5
"
이거 정말 맛있네요",20200402,5
특별한 맛은 없는 듯 합니다,20200402,3
양념 매콤하고 맛있어요,20200402,5
잘 먹겠습니다 기대가 되네요,20200402,5
맛있네요~~재구매할듯요,20200401,5
양에 비해 가격이 좀 있지만 먹을만 해요.,20200401,4
배송 빠르고 정확해서 좋네요^^,20200401,5
매콤하니 맛있네요.,20200401,5
늘 구비해놓는 냉동식품,20200401,5
진짜 맛있어요 양파더넣고 볶아먹었네요,20200401,5
양이 좀 작아요 ㅠㅠ,20200401,3
야채 넣고 깻잎싸서 먹었어요. 냉동쭈꾸미지만 불에 금방 녹여서 먹었구요. 소스 최고에요. 맵지만 정말 맵지만.... 그래도 참 맛나요.,20200331,5
생각보다 더 괜찮았어요,20200330,5
주꾸미 볶음 간편해서 좋아요,20200329,5
맛있어요 잘 먹었습니다~,20200329,5
맵찌는 매워서 웁니다 ㅠㅠㅠㅠ,20200328,5
자주 구매하는 제품입니다 좀 단것만 빼면 맵고 맛있어요,20200328,5
매콤하니 좋았어요-,20200327,5
평이 좋아서 구매해봤어요,20200327,5
강추하는 제품이ㅇ요 자주구매,20200326,5
매콤하게 한 끼 먹을 수 있어서 좋아요.,20200325,5
배송 만족합니다 너무편해요,20200325,5
적당히맵고맛있어요 양념이많아서 콩나물 삼겹살더넣고먹었는데 좋았어요,20200324,5
아 이거 대박대박! 좀 비싸지만 콩나물이나 숙주 넣구 볶아 드세요 진짜 매콤하니 맛있어요~ 땀을 쭉 뺐네요,20200324,5
적당히 매콤해서 좋아요,20200324,5
좀 맵지만 맛있었습니다. 양파랑 파추가해서 소면이랑 먹었습니다. 물도 조금 더 넣어줘야 알맞아집니다. 가격만 좀 착했으면 좋겠네요.,20200323,4
간편하게 조리가능해서 좋아요,20200323,5
와우~ 이거 정말 맛있음! 냉동실 쟁여두고 대패삼겹이랑 쭈삼요리하면 술을 부른다,20200323,5
빠른 배송 배송감사합니다,20200322,5
양이 좀 적어서 가족들 같이 먹으려면 두 팩은 사야겠어요,20200322,5
자주 구입하는 제품이에요,20200321,5
"매운걸 원래 못 먹기는 하는데 이거 맵네요 ㅜㅜ
매운거 못드시는분들  양파 많이 넣고 물좀 많티 넣으셔야할듯싶어요",20200320,5
맘에 들어요~~잘 샀어요~~~~,20200320,5
맘에 들어요~~잘 샀어요~~~~,20200319,5
약간 매운듯 하지만 맛이 깔끔함.,20200319,5
처음으로 구매해봤어요,20200319,5
"아직먹어보진않았지만
후기가좋아서...",20200319,5
오 매콤한데 땡기는 매콤함 쭈꾸미도 탱글 재구매할께요,20200318,5
매콤해요 소스가 넉넉해서 야채마니 사리 필쑤,20200317,5
맛있어서 재구매입니다,20200316,5
맛있게 맵고 양념에 밥이랑 김가루 뿌려 먹으니 더 맛있네요. 잘 먹었습니다.,20200316,5
좋아요 다음에 또 살게요,20200314,5
굳입니다 정말 굳입니다,20200314,5
쭈꾸미 알쌈 해먹었어요 근데 양이 너무 적었어요,20200313,5
"대패 삼겹살을 먼저 볶은다음에
 해동 시킨 주꾸미넣고 야채들 넣고 볶아요  물은 따로 넣지 않고요
몇번해보니 요령이 생기네요",20200313,5
맛있네요 쭈삼불고기로해먹었어요,20200313,4
매콤하니 먹을만 하네요...,20200312,5
양이 너무 적어서 깜놀... ㅋㅋ 매우건 못드시는 분들께는 비추합니다~,20200310,5
맛있는데 둘이먹기엔 양이 조금 아쉬웠어요,20200309,5
야채 조금 더 넣어서 조리하니까 식당에서 먹는거 보다 더 맛있어요,20200309,5
"딱 원하던제품이에요. 삼쉴에서 잘 쓰고있습니다. ㅎㅎ 
잘쓸게요 ㅎㅎㅎㅎ",20200309,5
단맛이많이나서 별로네요,20200309,3
양도 넉넉하게 있어요 잘받았습니다 ,20200309,5
받았어요.좋아요..,20200308,5
쭈꾸미 중 이게 젤 맛있어요,20200308,5
쭈꾸미 볶음으로 먹으려고,20200308,5
한번씩 먹기에 좋은 제품입니다. 맛있게 매콤해요 ㅎㅎ,20200307,5
항상 구매하는 제품입니다. 좋아요~,20200307,5
"블로그 리뷰 찾아보니 쭈꾸미와 양념만 들어있다고 해서 야채를 좀 준비했어요 
양파 대파 당근 버섯 양배추 넣었습니다
당근이랑 양파는 미리 볶아서 잠시 두었다가 쭈꾸미 꺼내서 센불로 볶아주다가 당근 양파 그리고 나머지 야채 다 넣어서 볶았습니다 야채를 많이 넣어서 간이 부족할까뵈 양념 조금 추가했구요~ 
조미료 맛이 살짝 나지만 쭈꾸미도 탱탱하고 맛이 좋아요
다음에 사면 삼겹살도 같이 볶아먹으면 오쭈네요",20200307,5
쭈꾸미볶음 피코크 거가 제일 맛있어요,20200307,5
야채만 추가해서 간편하게 잘 먹었어요~,20200306,5
단맛이 강하긴 한데 맵기도 맵네요 먹을만해요,20200306,4
조금 매웠는데 맛은 있어요 ,20200306,4
사랑하는 상품입니다~ 자주 이용합니다,20200306,5
좋은제품 감사합니다....,20200304,5
좋은제품 감사합니다....,20200304,5
용두동쭈꾸미가 더 맛있는듯해요ㅠ,20200304,3
늘구매하는제품입니다,20200303,5
자주구입합니다. 맛있어요.,20200303,5
믿고사는 피코크 ㅎㅎ,20200303,5
좋아요 만족합니다. 앞으로 자주 구입할께요,20200303,5
좋아요 만족합니다. 앞으로 자주 구입할께요,20200303,5
양도 괜찮고 맛도 좋아요,20200303,5
생각보다 많이 매워요,20200303,5
좋아요 다음에 또 살게요,20200303,5
맛있게 먹었어요. 자주 주문해 먹고 있습니다.,20200301,5
다른 마트에선 단맛이길래 사봤는데 이건 맵네요. 처음엔 진짜 별로였는데 주꾸미도 손질 깔끔하고 양념은 넉넉한데 아주 맛없지도 맛있지도 않아요. 그래도 재구매는 확실히 안할거예요.,20200301,2
저렴한 가격에 잘 받았습니다,20200301,5
자주 냉동실에 넣어놓습니다..양파나 채소 더 썰어놓고 볶으면 한끼 간단합니다,20200229,5
"저번에 첨으로 구입하고
이번 2번째 구입요  애들이 맛있다네요
센불에 조리하니 양념때문에 탈거 같아 물을 조금 넣었는데
파 양파 양배추 넣으니 물이 좀 생겨요
미리 물 넣지마세요",20200229,5
맛은 좀 덥덥하고 식당의 일률적인 맛,20200229,3
양은 좀 적은데 괜찮네요,20200228,5
"맛있네요 좀 매콤하지만 애들도 좋아하네요
2개 더 구매해요",20200228,5
"생각보다 양이 작진 않네요
좀 더 매워도 좋을듯 합니디ㅡ",20200227,5
이거 진짜 짱입니다 매운거 좋아하시는 분들 꼭 드셔 보세요!! 강추,20200227,5
첫 구매입니다 맛있길 바래요,20200226,5
맛있어요 처음 주문인데 괜찮네요ㅎㅎ,20200226,5
밥도 볶아서 먹고 맛있게 먹었어요,20200225,5
간편하게 조리 가능해서 좋아요~,20200225,5
야채랑 떡국떡 넣고 설명서 대로 해서 맛있게 먹었어요.,20200224,5
반찬거리 고민 될 때마다 한개씩 꺼내서 해동시켜서 야채랑 콩나물 데쳐서 먹으면 아주 좋습니다.,20200224,5
재구매 백프로!!완전개존맛탱이에요!!! 여태 사먹은 쭈꾸미값이 너무 아까워요ㅠㅠ,20200224,5
늘 구매하는 상품입니다.,20200224,5
쭈꾸미 볶음 너무 맛있게 먹었습니다,20200223,5
반찬이나 술 안주로도 좋아요,20200223,5
좋아요..괜찮아요~~,20200223,5
맛있어요 맛있어요 맛있어요,20200222,5
좋아요 좋아요 좋아요,20200222,5
완전 맛있어요 굿굿,20200222,5
피코크 주꾸미 맛있어서 재구매로 여러개 주문했습니다. 설명서대로 여러가지 야채랑 넣고 볶아서 콩나물은 소금물에 데쳐서 따로 먹으면 매콤한 맛을 잡아주고 맛있습니다. 남은 국물에는 밥을 넣고 볶아서 김가루를 뿌려서 먹으면 너무 맛있고 남는거 없이 싹싹 먹게 되네요.,20200222,5
맛잇어요 맛잇어묘 ,20200222,5
맵지만 야채 듬뿍 넣음 더 맛잇어요,20200221,5
신선제품으로 잘 보내주셨어요,20200219,5
처음구입 야채많이넣어야 더맛있게먹을수있어요,20200218,5
2인1끼 식사로 좋아요~ 매콤소스 맛있구요! 야채 많이 넣어먹으면 양도 적당한 거 같아요. 전 우동사리 구입해서 넣어먹었네요. 볶음밥과는 또다른 매력~ 맛있어서 쟁여두고 먹을듯^^,20200218,5
먹고 배 아팟움.  ,20200217,5
빠른 배송 감사합니다 맛있어요,20200217,5
"좋아요. 감사합니다.
",20200217,5
맵지만 야채 엄청 넣고 잘먹었어요,20200216,5
맥주안주로 최고에요 소스에 밥볶아먹어두 맛나고 깻잎에 싸먹었더니 맥주가 술술 들어가서 한짝도 먹겠네요 ㅋㅋ ,20200215,5
매번 구매하는 제품입니다.,20200214,5
"맥주 한잔이 생각날때 제격인 주꾸미 볶음입니다.
양념도 많고, 적당히 매콤해서 맛있게 먹었습니다",20200212,5
낙지볶음이랑 둘다 사먹어봤는데 양념맛은 거의 동일한것같고 쭈꾸미가 통째로들어가있네요,20200211,5
상품과 배송 모두 만족합니다 감사합니다,20200210,5
집에 있는 야채 넣고 먹기 넘 편하고 맛있어요.,20200210,5
매운고 땡길때 먹습니다 ㅎㅎ,20200209,5
맛 잇고 쭈꾸미 커요,20200209,5
매워요 저는 양이 작은 느낌이에요,20200208,4
간편하게 해먹기 좋아요,20200207,5
쫄깃쫄깃 씹히는 식감이 정말 좋아요,20200207,5
리뷰적힌 것보고 당금 대파 넣고 볶았는데.. 엄지척입니다ㅎㅎ,20200207,5
받았어요.좋아요..,20200206,5
"착한 가격, 빠른 배송 감사합니다",20200206,3
좋아?호아요좋아요맛있어요좋아?호아요좋아요맛있어요,20200206,5
양파 조금 썰어 함께요리하니^^,20200205,5
제 입맛엔 안 맞아요 ㅠ,20200205,2
낚지보단 쭈꾸미가 맛잇엇어오,20200205,5
"별하나도 아깝네요
쭈꾸미 시켰는데 두번이나 계속 아이스크림을 보내다니..",20200203,1
워낙 괜찮다고 많이 알려진 거라서 말이 필요없을듯요.,20200203,5
"달아 달아~~ 마이 달아~~~
조금만 덜 달면 참 좋겠어요 맵긴 엄청 매워요 
쭈꾸미도 적당히 들어 있고 시켜먹는거에 비하면 가성비 좋아요 볶음밥까지 잘 먹었습니다 ",20200202,4
짱맛있어요ㅜㅜㅜ!!!,20200202,5
첨주문   맛있어요   근데  좀 많이  맵네요,20200202,5
비싸지만 갑자기 매운쭈꾸미 먹고싶을때 좋음,20200201,5
"한끼, 둘이서 먹기 딱 좋은 제품입니다. 맛있게 잘 먹었어요",20200201,5
"쓱배송 처음 해봤어요.
:-)
너무 편합니다!!!
잘 먹을게요.",20200131,5
항상 사먹는거에요 최고,20200130,5
밥 비벼 먹기 좋아요 ,20200130,5
"맵지만 야채 엄청넣고 하니 먹을만합니다
조금안 덜매웠음 하네요ㅠ 맛은있어요",20200128,5
간단히 먹기좋구 매콤해요 ,20200127,5
파는 쭈꾸미 맛이예요,20200127,5
맛있어요 담에 또 구입할거에요~~2팩사길 잘한듯  ,20200127,5
너무 매워서 두개먹고 버렸네요...그리고 지금 폭풍설사중입니다ㅠ,20200127,1
존맛탱이에여 피코크꺼만 사먹음,20200127,5
완전 추천하는 메뉴입니다,20200124,5
좋아요ㄱㄴㄷㅅㅈㄷㅂㅅㅈ,20200123,5
아직안먹어봤지만 피코크 냉동제품 믿고먹어요,20200120,5
"맛있어서 재구매했어요
밥볶아먹어도 굿^^",20200119,5
"너무 맛있네요~^^
쟁여놔야겠어요.ㅎ",20200118,5
좀 매워요. 양파나 다른 야채를 많이 넣고 조리하심 좋을듯,20200118,5
"동생이 자주 주문해서 먹는다고 추천으로 주문했는데
오~ 맛나요.",20200117,5
항상 잘 사용하는 제품이에요!!,20200117,5
자주 구매하는 상품입니다. 잘 먹을께요,20200116,5
쓰던거에요 슥배송좋아요,20200115,5
적당히 매콤하니 맛있어요 ~~~^^,20200115,5
맛있게 잘 먹었습니다. ,20200114,5
매콤하고 아주 맛있네요. 어른아이 다 좋아해요. ,20200114,4
가격이 비싸기는 하지만 간편하게 먹기 좋네요,20200114,5
항상 잘 애용하고 있어요.,20200113,5
남편이랑 재료 추가첨가해서 먹었는데 밖에서 사먹는것만큼 잘되었어요ㅎㅎ,20200113,5
양념까지미리되잇으니 그냥데워먹으면되고 완전편해요,20200112,5
"엄청 맵네요 그리고 채소가 적게 들어있는게 좀 아쉬워요.
양파 반개랑 깻잎 대파 썰어서 함께 볶았더니 먹을만 했어요. 소스가 넉넉해서 소면 살짝 삶아 비벼먹어도 별미일 것 같아요. 안주로도 괜찮을 것 같습니다.",20200111,3
매콤하고 야채추가하면 양도 괜찬아요,20200111,5
"맛있어서 재구매
쭈꾸미가 통통하고 맛나요 양념도 충분하니 다른채소 더 넣어서 볶으면 존맛탱입니당",20200110,5
좋습니다 만족해요 ~~ 조금 달아요,20200109,5
빠르고 정확한 배송  만족합니다,20200109,5
넘 매워요..ㅜㅜㅜ,20200107,2
약간 매콤. 크키는 크네요,20200107,5
주꾸미도 크고 양념도 매콤해서 맛있어요 양념이 많아서 우동사리 넣어먹으니 더 맛있네요,20200107,5
"늘 애용하는 제품
맛있어요
세일해야 사요",20200107,4
양념이 맛있어요 양념이 맛있어요,20200106,5
양념이 엄청 넉넉해요 맛은 무난,20200105,5
ㅎㅎㅎ좋아요 좋아요 ㅎㅎㅎ,20200105,5
이번에 쭈꾸미가 너무 작아서 깜놀;;  완전 작아요 그래서 세일한건지 그동안 먹던거랑 너무 달랐어요,20200105,3
입맛없을때 먹기 좋아여,20200104,5
처음먹어보고 매콤하고 생강향도나고 너무 맛있어서  5개나 재구매했는데 맛이바뀌었어요!!!왜맛이바뀐건지 맵지도않고 엄청 달인졌어요ㅠ  전에가 훨씬 맛있었어요~이젠 안사먹을래요ㅜㅜ,20200103,5
맛있게 잘 먹었습니다. ,20200103,5
"맛잇어요 야채 사리도 추가해드세여 
재구매할거에여",20200103,5
"받았어요, 좋아요..",20200102,5
"한끼 반찬으로 손색없음.. 매운거 못드시는 분은 지옥의 맛을 볼수도 있어요 ㅎㅎ
당근이랑 대파 넣고 조리하니 더 맛나요..남은 양념으론 볶음밥 먹을수 있어 좋아요..",20200102,4
언제나 맛있는 피코크 쭈꾸미,20200102,5
"간편조리식품 먹어보면 기대에 못미치는 경우가 있는
데 피코크 쭈꾸미볶음은 만족스러웠어요. 쭈꾸미도 통
째로 큰게 꽤 많이 들어있고 매콤하고 입맛 돋구는 양념 소스라서 너무 맛있게 잘먹었어요! 팬에 볶기만 하면 끝
~채소 첨가해서 드심 더 좋을 듯~맵긴한데 매운거 좋 아하시는 분들에게 추천~!",20200102,5
지난 번 주문해서 먹어보고 세일 하길래 재구매해 보았어요 맛있네요,20200102,5
매움 최강 망ㄷ므듣,20200101,5
집에서 간편하게 먹기좋아용 만족스럽습니당,20200101,5
상품평 보고 구매해 봤는데 아이들이 맛있다고 해요~~ 제 입엔 좀 달던데.. 냉동 삼겹살이랑 야채 추가해서 볶아 먹을수 있을 정도의 넉넉한 양념이여서 쭈삼볶음 적극 추천합니다~~^^,20200101,5
배송 빠르게 잘받았습니다,20200101,5
맛나네요 종종 더 시킬듯해여,20200101,5
늘 구입하는 상품입니다.,20191231,5
싸게 잘  구입했습니다,20191229,5
전보다 덜 매워요 그래서 밥에 비빌 수 있을정도.... 그런데 전보다 좀 더 달아졌어요 무튼 먹을만해요,20191229,4
여기에 대패삼겹살 같이 볶아 먹으면 너무 맛있어요,20191229,5
소면 삶아서 같이 먹으니까 맛있네요,20191229,5
늘 구매 상품입니다. 좋아요,20191229,5
달콤매콤해요 주꾸미도 아주 크고 통통하네요..?,20191228,5
정말 맛잇음 ㅠㅠ 간도 좋고 쭈꾸미도 싱싱,20191227,5
간편하게 전문 쭈꾸미 요리집 변신 성공,20191226,5
첨 먹고 너무맛잇어서 또 사요,20191223,5
추천합니다 추천합니다,20191222,5
좋아요좋아요좋아요.,20191220,5
지난 번 먹어보고 괜찮아서 재구매요! 깻잎 싸먹으면 꿀맛. 양념에 밥도 비벼 먹었어용,20191220,5
조리가 간편해서 좋았어요.,20191219,5
맛있어요~ 조리하기 편햇서 좋아요,20191219,5
매콤하고 맛있어요!!!,20191218,5
"지인 추천으로 사요
어떨지 기대됩니당",20191217,5
늘 이것만 선택합니다. 강추합니다,20191216,5
"매콤하고 맛있네요 포장을 뜯어서 양파,파 넣고 볶기만 하면 되서 간편하고 좋네요",20191214,5
맛있어용 ㅎㅎㅎㅎㅎ,20191212,5
"갑자기 쭈꾸미가 땡겨서 주문해봤어요
피코크가 싸고 괜찮아요",20191212,5
맛있었어요. 그리고 좋습니다.,20191209,5
"양파,대파,당근,양배추,고추,콩나물 넣고 볶아 먹었더니 간도 딱 맞고
맛있었어요~
맵기도 맛있게 맵고 애들도 잘 먹었어요~
담엔 삼겹살 넣고 쭈삼으로 해먹어야겠어요~~
그리고 볶음밥으로 마무리^^",20191209,5
맛있습니다..삼겹살이랑 같이 볶아먹기도 좋고..좋아요,20191208,5
좋은 제품 잘 쓰겠습니다^^,20191208,5
잘먹고있습니다 가성비좋아요,20191206,5
"완전 만족합니다.
적극 추천합니다.",20191205,5
괜찮아요 2명이서 먹기 적당한 양이에요,20191203,5
"매번 시켜먹는 매번 장바구니에 넣어놓고 
주문합니다. 역시 최고임",20191202,5
가격대비 괜찮은 상품입니다.,20191202,5
"집에서 먹기 편하고 맛있어요.채소랑 삼겹살 섞어 먹음
더 맛나요",20191202,5
너무 맛있게 먹었습니다,20191202,5
"조금은 맵지만 맛있어요.. 쭈꾸미 조금 더 사서 여기 양념에 더 넣어 먹으면 양도 푸짐
",20191201,5
하남주꾸미랑 양념이 아예 다른 맛이더라고요. 이것도 맛 있었어요~ 꾸미도 꽤 들어있고. 양념이 넉넉해서 좋았습니다. 냉동실에 처치곤란 했던 대패삼겹을 엄청 넣어서 먹어치웠네요. 깻잎이랑 싸먹으니 꿀맛! 가격이 괜찮아서 앞으로도 구매할 듯,20191129,5
간단히 반찬 해 먹기 좋아요,20191129,5
양념이 너무 맛있더라구요 ,20191127,5
"자주 구매합니다.
재구매할게요",20191126,5
항상 애용합니다. 좋아요,20191122,5
양도 적당하고 양념도 많은편이라 삼겹살 넣어서 쭈삼하기 좋았어요,20191120,5
맛있ㅇㆍㄱ요  항상 쟁여둬요,20191118,5
괜찮고 좋았어요 ㅎㅎㅎㅎ,20191117,5
매번구입하는제품입니다!!,20191117,5
"재구매해요
맛있어요ㅎ",20191116,5
맵고 양념 많고 맛남,20191115,5
다른 상품 구매하면 쭈꾸미 보다 야채가 많아 실망했는데 쭈꾸미만 있고 유명한 맛집 쭈꾸미 같아 맛나요,20191115,5
가격도 착하고 맛도 좋아요,20191114,5
상품평보고.맵다길래 양념을 덜 넣었는데도 매워용,20191113,5
저렴하고 아주 좋습니다.,20191110,5
쭈꾸이가오그라있고갈수록매워지고있는것같네요,20191110,4
맵긴하지만 맛있어요.,20191109,5
물건이 괜찮고 좋습니다,20191107,5
가성비너무좋은상품입니다,20191107,5
맛나네요 우왕 생각보다는 훨씬 가격이 좀 비싼듯,20191107,5
주꾸미는 그닥 많이 안들어있는데 사이즈는 큰편인듯..아주 매콤해요..,20191107,4
맛있게 하는데 너무 신선하지 못했어요 다시 사 먹고 싶지는 안 내요,20191106,5
맘에들어요~~~~~~~~,20191106,5
집에서 양파 넣고 간단히 먹기 좋네요,20191102,5
생각 외로 먹을만하네요 꽤 맛있어요,20191102,5
자주 구매합니다..,20191102,5
가끔 냉동실에 넣어두고 야채넣고 먹으면 맛나요,20191101,5
잘받았습니다잘받았습니다,20191101,5
맛있습니다. 아주 좋아여. 매워요.,20191029,5
매콤하고 양념도 많아서 채소 넣어서 볶아 먹으면 맛있어요,20191029,5
좀 맵네요 중간맛도 있음 비벼먹을텐데 비비지는 못하겠어요 ㅎㅎ 양파/감자/양배추/깻잎 넣고 먹었어요~간이 좀 ?니다 ,20191026,4
맛있어요. 주꾸미도 부드럽고 무엇보다 소스가 넉넉해서 콩나물 한봉 다 넣고 볶아도 될정도였어요 ㅋㅋㅋㅋㅋ 삼겹살이랑 같이구워서 쌈싸먹으니까 개행벅,20191024,5
계속 주문해서 먹는중,20191023,5
너무 매워요.별로에요,20191022,5
주구미볶음 매콤하고 ?있어요,20191018,5
야채 잔뜩 넣어서 조리해 먹어도 맛있어요,20191018,5
요거는비추요 조미료가넘강해요,20191016,5
한번 먹어봤으니..재구매는 안 할거 같네요,20191010,5
그냥 무난한 맛이에요.,20191010,2
아직못먹어봤는데 맛있어보여요,20191009,5
양념이 많이 남아서 고민하다가 양송이 넣고 볶아봤어요. 주꾸미보다 더 맛있네요~,20191006,5
맛있어요. 또 먹을려고 해요 ㅎㅎ,20191003,5
좋네요 잘 쓰고 있습니다,20191002,5
좋아요 아주 좋아요,20191001,5
가성비 좋습니다!!!,20191001,5
맛있어요  맛있어요 ,20190930,5
맵군요 쭈구미는 좋은 것인듯 한데,20190928,4
하 생각보다 넘 맛있었어요 ㅎㅎ 좀 맵긴하지만 ㅎㅎ,20190928,5
피코크는 거의 맛있는데 이건 그냥 그랬어요,20190925,5
매콤하네요 콩나물 곁들이니 맛있네요,20190921,5
이거 최고네요.. 양이 적어서 좀 불만이지만요,20190919,5
양이 너무 적어서 아쉽습니다,20190917,3
꽤나 양념이 진해요. 야채 추가 많이 하세요.,20190917,5
양녕진짜맛나요~^^,20190915,5
조아요~~~~~~~~~,20190914,5
싱싱하고 양념이 넘맛있어요,20190913,5
야채 더 넣어서 먹으면 좋아요,20190909,5
좋아요좋아요좋아요.,20190909,5
냉도실 넣어뒀다가..ㅎ좋아요,20190909,5
반찬 해먹기 딱 좋아요,20190906,5
자주 애용하는 상품입니다.,20190905,5
좋습니다~~~~~~,20190904,5
좀 비린내. 술 생강 다 넣어야 합니다. ,20190903,3
쭈꾸미 크기도 크도 양은 많은데 양념이 전 별로네요,20190903,3
맛있습니다~~~~ 약간 매워요,20190902,5
가격대비 괜찮습니다.,20190902,5
맛있어요 최고예요 ,20190902,5
매워요  많이 매워요ㅠ,20190901,5
빠른 배송 감사합니다,20190901,5
많이 매워요. 정말,20190901,5
잘 모르겠습니다...,20190901,3
처음 주문했어요 맛은 괜찮아요 ,20190901,5
가성비좋은편입니다.,20190901,4
예전에도 강츄였지만 요즘에는 더 신뢰했습니다,20190901,5
"대박 매워요~~ 상품평 읽고 나름 각오(?)를 하고는 
물 살짝, 우동사리, 야채 조금, 올리고당 살짝, 마지막 참기름 한방울 추가했는데 엄청 맵네요. 양념 매운맛 차별화해서 제품에 표기하면 더 좋겠네요",20190828,3
양도 넉넉하고 연하고 맛있어요 살짝 매워요,20190828,5
처음 구매했는데  좋습니다.,20190828,5
쭈뀨미가 너무너무 작아여...,20190827,3
피코크 제품 웬만하면 다 맛있네요,20190827,5
잘먹고 있습니다 제품좋아요,20190827,5
잘받았습니다..좋아요,20190822,5
"많이 짜네요 
양념이넉넉해서 다음에는 삼겹살 이랑 양파 도 넣고
볶으면 좋을것 같아요 쭈꾸미가 싱싱해서 좋았어요
장날에 또 주문   할꺼에요 ",20190822,3
신세계 고객센터 땜에 별 1개도 주기 아까움,20190821,1
안먹어봤는데 맛있으면 좋겠네요.,20190821,4
잘받았습니다잘받았습니다잘받았습니다,20190820,5
"맛있게  잘먹었어요
매콤해요
쭈꾸미가 생각보다 작네요",20190819,5
전에 한번 먹어보고 너무 맛있던 기억으로 또 샀어요 맛있어요,20190818,5
소스가 충분해서 떡이랑 우동사리추가해서 먹음좋아요~야채는 물기적은 고구마나  대파  깻잎정도  추가하세요  양배추랑 양파 많이 넣었다가 물많이 생겨서~ㅠ,20190817,4
"정말 양념이 많고 맛이 강하기도 해서
쭈꾸미 한봉 추가하고 야채를 많이 넣어도 
싱겁지 않더라구요
직접 맛내기 귀찮을 때 좋은 것 같아요~",20190815,5
밥 비벼먹음 맛있어요,20190812,5
"매워요 채소를  넣엇는데도 매워요 그런데 맛있습니다 
다음에 또 주문하려구요",20190811,5
"맛있어요
좀 맵긴하지만
그 맛에 먹는거죠",20190806,5
우리애가 너무 좋아해요. 간편하고 맛남,20190806,5
간편해서 좋은데 부모님과 아이들이 먹기에는 맵습니다. 야채를 추가해서 먹으면 더 맛있습니다.,20190806,5
매워요ㅠㅠㅠㅠㅠㅠㅠㅠ,20190803,3
넉넉한양념에 야채넣어 먹어요 맛나요,20190803,5
간편하게 먹기에 괜찮음,20190803,4
"쭈꾸미 종류 다 사서 먹고 있는데
이건 양념이 덜 자극적인 편이에요.
다른 것들에 비해서.
양파 같은 거 조금 썰어서 볶아 먹으면 괜춘.",20190802,5
좀 달아요............,20190801,5
맵네요. 양념 많아서 떡볶이해 먹으려구요.,20190730,5
"맛있어요. 기대없이 먹다가 놀랬습니다. 이것저것 채소 추가해서 넣어 드시는걸 추천합니다. 
양념이 매워서 입맛돌아오고 좋아요!
주꾸미는 살짝 익혀서 먹으니 쫄깃해요. 좋습니다! ",20190727,5
많이 매운데 먹을만 합니다. 후추양이 조금 과하다 싶긴하네요.,20190726,5
?아요좋아요좋아요좋아요,20190724,5
완전 맛있네요~~ 양념도 맛있고 또 구매의향있음,20190722,5
맛은 있는데 가격이 점점 오르는 것 같은....,20190716,4
맛있네요자주구매합니다,20190713,5
계속 잘 먹고 있어요.^^,20190710,5
"쭈꾸미
적당히 맵고 맛있어요 ",20190710,5
쟁겨두고 먹습니다. 차돌넣어서 먹으면 더 맛나요,20190709,5
맛있음.......,20190709,5
피코크꺼 다 맛있어요,20190707,5
"수분이 너무 많고 간도 짜네요
",20190705,2
저렴하게 구매해서 좋습니다 ,20190705,5
화끈한불맛.맛있어서재구매,20190704,5
간단히 반찬하기 좋습니다,20190703,5
좋아요~~~~~~~,20190702,5
매운거 당겼는데 맛나게 잘 먹었어요,20190625,5
매콤하니 맛있습니다. 야채 추가해서 드세요,20190625,5
"맛있어요, 아이들이 좋아해요",20190616,5
생각했던것보다 쭈꾸미가 질겼지만 맛은 나름 괜찮았어요,20190614,5
양념이 엄청 많고 매워서 쭈꾸미도 더 사서 넣고 양배추도 많이 넣어요 맵지만 젤 맛있어요,20190607,5
맛있어요 매콤하니 양념덜고 야채추가해서 볶음밥으로 먹었어요,20190604,5
"생각보다 쭈꾸미가 많이 들어있네요
야채 더 추가해서 먹음 맛나요",20190603,5
맵싹하고 강추해영 ㅋㅋㅋㅋㅋ,20190601,5
좋아요.......,20190601,5
저에게는 조금 맵습니다.,20190524,3
제 입에는 양념만 지나치게 많고 맵네요 ㅠ,20190524,5
"채소를 더해서 볶아 먹으면 맛있어요
요리해서 먹는 거예요",20190523,5
리뉴얼되면서 양도 적어지고 별로ㅠ,20190521,1
주꾸미볶음 맛있길 바래요,20190515,5
잘받았어요!~&quot;요뇨요,20190514,5
완전 맛있어요 양념 많이 들어있어서 밥이랑 먹기도 좋아요,20190512,5
생각보다 괜찮았어요,20190510,5
가격대비 괜찮은 상품입니다.,20190509,5
떡 우동 양배추 깻잎까지 넣어도 소스 부족하지않고  맛있다,20190508,4
가격대비 만족합니다,20190508,5
좋아요~~~~~~~,20190507,5
양도 많고 가격대비 좋아요,20190504,5
감사합니다.  좋아요. 저렴하게 잘 샀네요.,20190502,5
배송이 빨라서 좋습니다...,20190502,5
매번먹습니다 존맛임,20190429,5
한번 먹어봤어요 그냥 그래요,20190429,5
"태어나서 주꾸미가 이렇게 비린내가 나는줄  첨 알았어요. 요알못 이지만 이건 좀 심해요. 아주아주 매운양념으로도 가려지지 않는 비린내 ㅠㅠ 아마도 애초에 신선하지 않은 생물이였거나 아님, 유통과정중 냉동온도가 유지가 안되었을수도 있구요. 암튼 크고 실한 주꾸미에 양도 넉넉히 있었음에도 비린내작렬.. 반도 안먹고 아까워도 비린내때문에 벌칙받는느낌으로 먹을순 없어 버렸어요. 화나네요",20190420,1
좋아요~~~~~~~~,20190417,5
맛은 있는데 엄청 매워요 양배추도 더 넣고 쭈꾸미도 따로 사서 더 넣으면 조금 나아요,20190413,5
주꾸미 살앙해 내살엉 주꾸미 또 사먹을거야~~~,20190412,5
처음 구매하는 상품입니다,20190406,5
좋아요좋아요좋아요좋아요좋아요좋아요,20190403,5
가격대비 괜찮은 상품입니다.,20190401,5
밥이랑 먹으면 정말 맛잇어요,20190401,5
쭈꾸미볶음 기대하지 않았는데 정말 맛있어요! 조금 매워서 더 좋아요,20190330,5
빠른 배송에 감사합니다 ,20190328,5
쭈꾸미를 좋아해서 항상 먹어요,20190328,5
자주 구매하는 상품입니다 ,20190326,5
먹을 만 합니다 잘 먹었어요,20190324,5
맛은 있는데 쭈꾸미가 별루 없어요 ,20190323,5
"솔직히 기대 안 했는데
양배추 추가해서 볶아 먹으니 생각보다 맛있네요.
조금 매콤해요.
근데 양은 거의 1인분.....",20190321,4
피코크 주꾸미볶음 매콤하니 좋아요,20190321,5
처음 시켜봅니다 ~~~,20190314,5
렌지에 데워 먹는 제품이 아니라 조리해서 먹어야해서 불편했어요,20190306,3
좋은데갈수록더매워지는것같네요,20190304,4
정말간편하고 맛있어요 ,20190303,5
너무 맛있게잘먹었어요,20190303,5
상품좋아요 다음에 또 주문할거에요 사업 번창하세요,20190302,5
정말 맛있을 것 같아요. 내일 점심때 꼭 먹어야징,20190302,5
"맛있어요, 아이들이 좋아해요",20190301,5
맛있게 잘먹었어요~~,20190224,5
맛있어요 귀찮을때 종종살게요!!,20190222,5
가성비 우수합니다.,20190222,4
싸게 잘샀어요 수고하세요 ,20190220,5
맛은 괜찮은데 양이 좀 부족한듯 합니다.,20190219,4
자주 이용하는 상품입니다,20190217,5
술안주로 좋습니다.,20190213,5
맛은있는데  포장이 전이 더 좋아요,20190213,5
무난하니 잘 먹어요,20190212,5
맛있어요ㅎㅎ양파넣고졸여서먹음더맛나요,20190211,5
맛은 있는데 쭉꾸미가 너무 크고.. 그리고 일단 너무 매워요!,20190208,5
"진짜 생쭈꾸미예요.
양념이 살짝 달긴하지만 쭈꾸미 볶음 생각날때 사다 해먹으면 괜찮을듯요.
채소는 없어요 온리 쭈꾸미.",20190124,5
가성비 아주 좋아요.,20190119,4
가격대비괜참ㅎ습니다,20190119,5
"맛있어요    ,,",20190108,5
기대했던거보다 훨씬 맛있네요 매콤달콤,20190102,5
좋아요 아주 좋아요,20190102,5
잘받았습니다 감사합니다,20190101,5
먹을만 합니다....,20181230,5
가격싸고 배송빠릅니다.,20181208,5
바뀌고난 후 맛이 변했다  전에것이 더 나았는데,20181127,3
좋아요좋아요좋아요~,20181123,5
진짜진짜 후회안함 맛남,20181111,5
신랑이 좋아해요. . .,20181109,5
"낙지구매했는데 주꾸미로 대체상품 왔네요
아직 개봉전~~..",20181025,5
맛이잇어요    매운게 단점,20181018,5
"매콤하고 맛있어요~ 양파랑 파를 첨가해서 먹으니 더 맛있네요
본품에는 별다른 야채가 보이지 않아요~^^;;",20181012,5
맛있네요........,20181010,5
많은양탱글탱글고소함,20181008,5
생각보다 괜찮습니다,20181006,5
"양이 좀 적어요
양념맛은 아주 만족",20181005,4
상품을 잘 받았어요.,20181003,5
양념 노맛 이맛도저맛도아님,20181002,1
좋아요~~~~~~~,20181002,5
아직 못 먹어봤네요,20181001,5
이 제품 가끔 구입 양배추필수,20181001,5
잘 받았습니다.잘 받았습니다.,20181001,5
싱싱하고 맛잇어요 ~,20181001,5
맛잇어요!! 한동안 안보였는데 다시나와 반갑,20180917,5
조금 가격이 저렴하면 좋겟음,20180915,5
맵긴한데 맛있고 부드러워요~,20180911,5
좋아요 아주 좋아요,20180903,5
피코크 주꾸미볶음 괜찮은편임,20180901,3
가격대비 괜찮은 것 같습니다. ,20180830,5
가격대비 괜찮은 것 같습니다. ,20180830,5
"전에 한번 먹었던거같은데 기억이안나네여 
맛있었으면 좋겠어요",20180829,5
너무매워요~양배추나뭐야채가조금들어있었으면좋?어요,20180828,4
아직 먹어보진 안았지만 평이 좋아삼,20180825,5
최애제품!!!!!!,20180820,5
밥도둑! 질리지않네요,20180820,5
맛없으면 어쩌지 했는데 넘 맛있네요,20180814,5
쭈꾸미 양은 괜찮은 편이고 양념이 달달하니 떡볶이 양념비슷 ㅋㅋ괜찮아요,20180811,5
평이좋아구립해봄요ㅋㅋ,20180808,5
맛있어요. 쭈꾸미 많아요,20180806,5
"너무 맛있는데 
재입고플리즈 ㅠㅠ",20180804,5
" 편하게 받으니 좋네유
쓱 쇼핑 ?오",20180722,5
양이 좀 적지만 맛있네여ㅎㅎ,20180720,5
가격대비 양호합니다. ,20180624,5
아직 안 먹어봤지만 맛있을 것 같습니다.,20180620,5
"양념이 바뀐건지 전보다 별로에요. 포장도 별로,,비닐에 들어있을때가 물에 넣고 해동도 빨리됐는데. 이젠 용기에 들어있고 용기 아랫부분이 울퉁불퉁해서 양념이 남아 아깝더라구요. 이래저래 별로에요. 맛도 별로고. 앞으론 안사려구요. 아쉽네요 좋아했었는데",20180610,1
진짜 매워요ㅠㅠㅠㅠ,20180605,3
