﻿comment,date
떡볶이랑 같이 해서 떡볶이소스 묻혀서 먹었는데 맛나욯 튀김옷이 좀 두껍긴 하네요,2020-12-16
카레 만들어서 에어프라이어에 구운 새우꼬체를 얹어 먹었더니근사한 한끼가 되었어요,2020-12-16
맛이 아주 근사하진 않지만가격이 좋네요,2020-12-14
맛있어요 다만 익히는데 생각보다 오래걸리네요,2020-12-13
그냥 새우에 빵가루 튀김옷 붙여놓은 느낌튀김옷에서 허브갈릭향이 나서 새우와 맛에 조화를 이룬다 그런거 못느낌튀김이라 칼로리 높은데 이렇게 의미없이 오늘치 칼로리를 소비해 버렸다는 사실에 슬픔,2020-12-13
이렇게도 파는 군요,2020-12-12
기대를 너무 했나요에프가 작아서 후라이팬에 했는데튀김옷 다 벗겨지고 한번 먹어본걸로 만족재구매의사는 없네요,2020-12-12
에프에돌려먹었는데 바싹하니 맛나네요찜 해두고 먹을듯,2020-12-12
맛있기를기대해봅니다,2020-12-09
술안주로 짱 맥주 땡기는맛,2020-11-28
정말 맛있어요,2020-11-25
마켓컬리에서 사는 제품 대부분 평타 이상이었는데이건 폭망이네요,2020-11-18
새우 좋아하는 작은딸에게 보내줬어요 좋아하네요,2020-10-26
가끔 사먹을만 합니다,2020-10-17
아직 시식전후기가 좋아서 구매해 봤는데 맛있게죠,2020-10-15
튀겨서 먹으면 안주로 안성맞춤입니다 맛있었어요,2020-10-13
가족들이 잘 먹어요,2020-10-12
가격은 좀 있네요 맛은 있어요,2020-10-09
저만 비리고 껍질분리되고 맛 별론가요 꼬치네개에 만얼마인데 내가 새우만 먹은건지 분리된 껍질은 뭔지 에어프라이어에서 분 돌리라는거 예열감안해서 분돌렸는데도 익은느낌그닥,2020-10-06
안녕하세요 고객님 마켓컬리 입니다우선 즐거운 마음으로 구매하여 주신 상품 벤탄마켓 허브갈릭 새우튀김꼬치 의 이용에 불편드리게 되어 죄송합니다 컬리에서는 지속적인 상품의 품질관리와 자체적인 판매기준을 수립하여 고객님께 품질 좋은 제품을 제공하고자 최선을 다하고 있습니다고객님께서 불편없이 사용하실 수 있는 제품을 제공해드려야 하나 상품 페이지에서 고객님께서 생각한 것과는 다르게 이용에 불편을 드린 것 같아 마음이 너무나도 무겁습니다 상품 페이지에서 확인하시고 구매하시는 상품인 만큼 저희 컬리쪽에서 더욱 세심하게 확인하여 상품을 선정 배송해드려야 하나 미흡한 부분으로 인하여 불편을 드리게 되어 다시한번 죄송하다는 말씀을 드립니다바쁘신 와중에도 불구하고 불편하신 부분에 대하여 고객님의 소중한 의견 남겨주심에 대단히 감사합니다남겨주신 말씀은 담당부서 및 공급사로 공유하여 추후에 동일 불편 드리지 않도록 상품의 다양화와 개선 및 품질 향상에 노력할 수 있도록 하겠습니다고객님의 말씀 귀기울여 보다 나은 상품과 즐거운 쇼핑이 되실 수 있도록 노력하는 컬리 되겠습니다감사합니다 마켓컬리 드림,2020-10-13
한번사보았어요 아이가 새우를 좋아해서요,2020-10-05
아직 냉동실에 비상식량으로,2020-09-27
조리가 생각보다 깔끔하게 안되요맛은 좋아요,2020-09-08
좀 제입맛엔 짜요 ,2020-09-07
기대중이에용 아직 먹기전이라,2020-08-31
바삭바삭하고 통통한 새우 굿,2020-08-30
아이들 간식으로 잘 먹었습니다,2020-08-16
맛있어서 자주 주문해요,2020-08-11
새우는 역시 맛나요,2020-08-09
오기 마른안주에찍어먹는마요네스 소스랑 같이 먹으면 미쳐요  재구매할거에요,2020-08-08
울 아들 새우 좋아해서 시켰는데 ,2020-08-07
좋아요 좋아요 좋아요,2020-08-07
맥주를 즐기시는대장님의 파트너로정햇음굿초이스,2020-08-05
아이들 간식으로 구입했어요 퇴근하고 보니 꼬치하고 떡볶이 국물만 남았네요,2020-08-02
에어플라이어에 분을 돌려서 먹다보니 안에 하얀 밀가루가 덜 익어서 꼬치에서 빼서 분 돌려서 먹었는데 다시는 구매의사가 없습니다 최악입니다,2020-07-31
고객님 안녕하세요 마켓컬리 입니다우선 즐거운 마음으로 구매해주셨을 벤탄마켓 허브갈릭 새우튀김꼬치 상품으로 인해 불편을 드려 정말 죄송합니다다만 해당 상품의 경우 에어프라이어 조리시 새우튀김 꼬치의 표면에 식용유를 얇게 바른 뒤 에서 분간 조리해주시고중간중간 뒤집어주시면 고루 잘 익힐 수 있는 점 안내 드리며 이용에 참고 부탁드립니다컬리에서는 지속적인 상품의 품질관리와 자체적인 판매기준 수립을 통해 고객님께 안전하고 신선한 먹거리를 제공하고자 최선을 다하고 있습니다 또한 다양한 채널로 남겨주신 목소리들을 지속적으로 모니터링 하고 있으며 상품의 품질을 비롯해 배송 서비스 등에 대해서 아쉬운 부분들을 찾아 개선하고자 노력하고 있습니다추후에는 더욱 만족스러운 상품을 드릴 수 있도록 최선을 다해 노력하겠습니다감사합니다 마켓컬리 드림,2020-08-06
근데 후기다 걍 그래서 조금 걱정이에요,2020-07-03
요즘새우요리에꽂혀서주문해봤어요,2020-06-30
비상용으로 구입했어요,2020-06-26
기름냄새가 너무 많이 났구요 두번은 안살것가 아오,2020-06-22
안녕하세요 고객님 마켓컬리 입니다우선 즐거운 마음으로 구매하여 주신 벤탄마켓 허브갈릭 새우튀김꼬치 상품이나 이렇게 고객님께 만족스럽지 못한 향과 구성으로 불편드리게 되어 죄송합니다 컬리를 믿고 이용하여 주셨는데 고객님의 기대에 부응하지 못하게 되어 저희의 마음도 너무나 무겁습니다 컬리에서는 지속적인 상품의 품질관리와 자체적인 판매기준 수립을 통해 고객님께 안전하고 신선한 먹거리와 고객님의 일상을 더욱 풍족하게 해드릴 수 있는 상품을 제공하고자 최선을 다하고 있습니다 또한 다양한 채널로 남겨주신 목소리들을 지속적으로 모니터링 하고 있으며 상품의 품질을 비롯해 배송 서비스 등에 대해서 아쉬운 부분들을 찾아 개선하고자 노력하고 있습니다 소중한 의견 감사드리며 다시 한 번 고객님께 불편을 드린 점 사과의 말씀 드립니다 추후에는 더욱 더 좋은 상품과 서비스로 찾아뵐 것을 약속드리며 고객님의 말씀 귀기울여 보다 나은 상품과 즐거운 쇼핑이 되실 수 있도록 노력하는 컬리가 되겠습니다감사합니다 마켓컬리 드림,2020-06-29
에프에 돌려서 그런지 별로 튀기면 더 맛있을듯해요,2020-06-18
간편하게 해서 먹었어요 맛있어요,2020-06-15
오븐에 넣고 돌렸는데 맛나게 잘 먹었습니다양도 적당한거 같아요,2020-06-15
아직 냉동실에 있지만 괜찮아오,2020-06-09
간단한 술안주로 딱이네요,2020-06-09
그냥 그냥 그냥 그냥,2020-06-08
맛은 좋은데 튀김이 다 분리되는것좀 어케 해야할지 모르겠어요  새우도 나름 싱싱하고 튀김 맛도 좋은편인데 해동다 하고 튀겨야 하나  누가좀 알려줘봐여,2020-06-04
맛있네요 추천드려요,2020-06-03
넓은 후라이팬에 기름두르고 바삭하게 튀겨서 카레위에 토핑으로 올려주었어요맛나다고 넘 잘먹었어요,2020-06-01
새우도 통통하고 취양에 맞게 소스에 찍어 먹으니 더욱 맛있어요,2020-06-01
에어프라이기에 편하게 만들어요,2020-05-31
간식으로 최고,2020-05-29
에어프라이 작아서 잘안들어가고 덜되서 다시후라이팬 기름두르고 튀김 무난해요,2020-05-29
남편 야식용 맥주안주용 입니다에프에 간단히 먹을수 있어제가 도와주지 않아도완벽한 야식이 되지요남편의 행복한 시간을 채워줄 새우튀김이에요,2020-05-28
간도 짭짤하고 아주 맛있어요 새우도 쫄깃하고 맛있어요,2020-05-24
튀김기에 튀겨 먹으니 너무 맛있습니다 간도 잘베어어있고 간식으로 안주로 너무 좋아요,2020-05-02
저번에 맛이 좋아서 한번 더 샀습니다,2020-03-19
튀김 옷이 뜨아넘 두꺼워요결국 다 벗기고 새우만먹네요,2020-03-14
새우 버터 갈릭 튀김옷 안 맞아요,2020-03-13
조리법 써있는대로 했는데 반죽은 다 벗겨지고 눅눅하고 너무 별로였어요  마켓컬리 첫 실패,2020-03-05
생각보다 맛 있었어요,2020-03-04
냉동시판이라 어쩔수 없는데 먹다보면 튀김옷이 물커덩하게 기분 나쁘게 씹혀요벗기고 새우만 빼먹었어요꼬치 같아서 그냥 한 번은 사먹을만한데 계속 사먹고 싶은 생각은 잘 안드네여,2020-03-03
저번에 맛있어서 재구매해보아요,2020-02-28
편하게 먹기 좋아요,2020-02-28
새우는 항상 맛있어요,2020-02-25
기름에 튀기니튀김옷 분리되고 먹으니 항도 좀 있고 느끼함암튼 마켓 컬리 다른 새우튀김 항상 주문해 먹는데이건 개인적으로 좀 별로임,2020-02-23
제 입맛엔 튀김옷에서 나는 향이 너무 강해 새우의 풍미를 느끼지 못했어요,2020-02-16
새우에선 흙냄새나고 정말 별로네요한개 겨우 먹고 나머진 버렸어요,2020-02-13
안녕하세요 고객님 마켓컬리 입니다우선 즐거운 마음으로 구매하여 주신 상품에 불편드리게 되어 죄송합니다컬리에서는 지속적인 상품의 품질관리와 자체적인 판매기준 수립을 통해 고객님께 안전하고 신선한 먹거리를 제공하고자 최선을 다하고 있습니다다만 혹여라도 검수누락 등의 사유로 인해 컬리의 판매기준 외적인 상품을 수령하셨거나섭취에 어려움이 있으시다면 번거로우시더라도 고객행복센터 카카오톡 또는 게시판으로 사진과 함께 접수부탁드립니다 담당자 통하여 신속하고 정확한 안내로 도움 드리고자 최선을 다하겠습니다고객님의 말씀 귀기울여 보다 나은 상품과 즐거운 쇼핑이 되실 수 있도록 노력하는 컬리가 되겠습니다감사합니다 마켓컬리 드림,2020-02-15
개인적으론 그냥 갈릭새우가 더 맛있는것 같아요,2020-02-11
아직 안 먹어 봤음 맛있어 보여요,2020-02-11
꼬지라 특이내서 사봄,2020-02-08
먹을 만은 한데 재구매는 안 할것 같아요,2020-02-07
간식으로 한번 사먹어봤어요,2020-02-06
이건 정말 뭐라 말하기긴 민망할 정도로 맛이 완전 꽝,2020-02-06
안녕하세요 고객님 마켓컬리 입니다우선 즐거운 마음으로 구매하여 주신 상품에 불편드리게 되어 죄송합니다컬리에서는 지속적인 상품의 품질관리와 자체적인 판매기준 수립을 통해 고객님께 안전하고 신선한 먹거리를 제공하고자 최선을 다하고 있습니다다만 혹여라도 검수누락 등의 사유로 인해 컬리의 판매기준 외적인 상품을 수령하셨거나섭취에 어려움이 있으시다면 번거로우시더라도 고객행복센터 카카오톡 또는 게시판으로 사진과 함께 접수부탁드립니다 담당자 통하여 신속하고 정확한 안내로 도움 드리고자 최선을 다하겠습니다고객님의 말씀 귀기울여 보다 나은 상품과 즐거운 쇼핑이 되실 수 있도록 노력하는 컬리가 되겠습니다감사합니다 마켓컬리 드림,2020-02-07
새우를 워낙 좋아해서 주문해봤는데 기대가 커서 그런지 너무 별로네요돈아까워요,2020-02-04
고객님 안녕하세요 마켓컬리 입니다저희 컬리를 이용하심에 있어 큰 불편을 드린 점 사과말씀 드립니다기대갖고 구매해주셨을텐데 상품에 대해 만족드리지 못해 죄송합니다컬리에서는 지속적인 상품의 품질관리와 자체적인 판매기준 수립을 통해고객님께 안전하고 신선한 먹거리를 제공하고자 최선을 다하고 있습니다다만 혹여라도 검수누락 등의 사유로 인해 컬리의 판매기준 외적인 상품을 수령하셨거나섭취에 어려움이 있으시다면 번거로우시더라도고객행복센터 카카오톡 또는 게시판으로 사진과 함께 접수부탁드립니다담당자 통하여 신속하고 정확한 안내로 도움 드리고자 최선을 다하겠습니다고객님의 말씀 귀기울여 보다 나은 상품과 즐거운 쇼핑이 되실 수 있도록 노력하는 컬리가 되겠습니다,2020-02-06
오일에 풍덩 튀겼습니다 굿,2020-02-01
맥주와 진짜 잘 어울려요 야식으로 둘이 먹기 딱 좋은 양이예요,2020-02-01
후학을 위해 써둡니다상품엔 문제가 없지만 저처럼 작은 에어프라이어에 돌리시려면꼬치가 길어서 안들어갈 수 있습니다해동해서 꼬치빼고 넣으면 저처럼 산산조각이 납니당맛은 저는 오히려 좀 밍밍한 느낌이였어요튀김없는 버젼이 더 좋았습니다,2020-01-23
에어프리이기 분 이상 돌렸는데 좀 짜서 맥주 안주 딱이네요,2020-01-20
간식으로 술안주로 좋음,2020-01-18
야채랑 샐러드로 먹으려고 구매하니환상,2020-01-18
맛있게 잘먹었어요 ,2020-01-12
허브 갈릭 새우 튀김꼬치,2020-01-11
술 안주 간식 딱이에요,2020-01-11
새우는 통통하고 실해요튀김옷은 도톰한편이고 간이잘되있어요맥주안주각이네요,2020-01-08
잘은 모르겠지만 맛있겠죠,2020-01-07
